window_id,link_type,source_id,target_id,source_domain,target_domain,start_index,end_index_exclusive,start_time_utc,end_time_utc,duration_seconds,sample_count,mean_range_km,min_range_km,max_range_km,transmission_rate_mbps,generation_config_sha256,selection_rule,symmetrization_rule,selected_by_source,earth_clearance_min_km,boundary_source
IDL-000001,IDL,cs01,ns01,communication,navigation,383,1868,2025-01-01T03:11:30.000000Z,2025-01-01T15:34:00.000000Z,44550.000000000,1485,40118.562500000,16709.919921875,59917.355468750,80.000000000,0959490dcfeedeafc8e9e01f868552fc1a757f1f2924fe4d8aaab468b9881130,nearest_visible_satellite_in_each_other_domain,union,both,11231.165039062,sampled
IDL-000002,IDL,cs01,ns02,communication,navigation,0,1373,2025-01-01T00:00:00.000000Z,2025-01-01T11:26:30.000000Z,41190.000000000,1373,35443.589843750,20278.873046875,57415.261718750,80.000000000,0959490dcfeedeafc8e9e01f868552fc1a757f1f2924fe4d8aaab468b9881130,nearest_visible_satellite_in_each_other_domain,union,both,13038.867187500,sampled
IDL-000003,IDL,cs01,ns03,communication,navigation,0,576,2025-01-01T00:00:00.000000Z,2025-01-01T04:48:00.000000Z,17280.000000000,576,25763.847656250,18666.498046875,36997.425781250,80.000000000,0959490dcfeedeafc8e9e01f868552fc1a757f1f2924fe4d8aaab468b9881130,nearest_visible_satellite_in_each_other_domain,union,both,21054.185546875,sampled
IDL-000004,IDL,cs01,ns03,communication,navigation,2240,2881,2025-01-01T18:40:00.000000Z,2025-01-02T00:00:00.000000Z,19200.000000000,641,60374.027343750,48700.199218750,63918.125000000,80.000000000,0959490dcfeedeafc8e9e01f868552fc1a757f1f2924fe4d8aaab468b9881130,nearest_visible_satellite_in_each_other_domain,union,ns03,7549.586425781,sampled
IDL-000005,IDL,cs01,ns04,communication,navigation,0,4,2025-01-01T00:00:00.000000Z,2025-01-01T00:02:00.000000Z,120.000000000,4,25407.609375000,25292.564453125,25522.830078125,80.000000000,0959490dcfeedeafc8e9e01f868552fc1a757f1f2924fe4d8aaab468b9881130,nearest_visible_satellite_in_each_other_domain,union,cs01,21526.023437500,sampled
IDL-000006,IDL,cs01,ns04,communication,navigation,1753,2881,2025-01-01T14:36:30.000000Z,2025-01-02T00:00:00.000000Z,33810.000000000,1128,44550.867187500,16438.556640625,60007.269531250,80.000000000,0959490dcfeedeafc8e9e01f868552fc1a757f1f2924fe4d8aaab468b9881130,nearest_visible_satellite_in_each_other_domain,union,both,11170.571289062,sampled
IDL-000007,IDL,cs01,ns05,communication,navigation,920,2740,2025-01-01T07:40:00.000000Z,2025-01-01T22:50:00.000000Z,54600.000000000,1820,42238.011718750,22779.246093750,65278.132812500,80.000000000,0959490dcfeedeafc8e9e01f868552fc1a757f1f2924fe4d8aaab468b9881130,nearest_visible_satellite_in_each_other_domain,union,both,6043.404785156,sampled
IDL-000008,IDL,cs01,os01,communication,observation,62,157,2025-01-01T00:31:00.000000Z,2025-01-01T01:18:30.000000Z,2850.000000000,95,38248.050781250,35292.121093750,44602.386718750,80.000000000,0959490dcfeedeafc8e9e01f868552fc1a757f1f2924fe4d8aaab468b9881130,nearest_visible_satellite_in_each_other_domain,union,both,75.960136414,sampled
IDL-000009,IDL,cs01,os01,communication,observation,253,356,2025-01-01T02:06:30.000000Z,2025-01-01T02:58:00.000000Z,3090.000000000,103,39400.343750000,36754.328125000,44719.179687500,80.000000000,0959490dcfeedeafc8e9e01f868552fc1a757f1f2924fe4d8aaab468b9881130,nearest_visible_satellite_in_each_other_domain,union,both,24.604408264,sampled
IDL-000010,IDL,cs01,os01,communication,observation,448,564,2025-01-01T03:44:00.000000Z,2025-01-01T04:42:00.000000Z,3480.000000000,116,41247.777343750,39160.089843750,44739.769531250,80.000000000,0959490dcfeedeafc8e9e01f868552fc1a757f1f2924fe4d8aaab468b9881130,nearest_visible_satellite_in_each_other_domain,union,both,12.315254211,sampled
IDL-000011,IDL,cs01,os01,communication,observation,643,738,2025-01-01T05:21:30.000000Z,2025-01-01T06:09:00.000000Z,2850.000000000,95,42490.277343750,41485.601562500,43775.890625000,80.000000000,0959490dcfeedeafc8e9e01f868552fc1a757f1f2924fe4d8aaab468b9881130,nearest_visible_satellite_in_each_other_domain,union,both,377.725280762,sampled
IDL-000012,IDL,cs01,os01,communication,observation,808,881,2025-01-01T06:44:00.000000Z,2025-01-01T07:20:30.000000Z,2190.000000000,73,42324.218750000,40932.144531250,44770.570312500,80.000000000,0959490dcfeedeafc8e9e01f868552fc1a757f1f2924fe4d8aaab468b9881130,nearest_visible_satellite_in_each_other_domain,union,both,1.364803076,sampled
IDL-000013,IDL,cs01,os01,communication,observation,927,930,2025-01-01T07:43:30.000000Z,2025-01-01T07:45:00.000000Z,90.000000000,3,44693.250000000,44617.417968750,44768.140625000,80.000000000,0959490dcfeedeafc8e9e01f868552fc1a757f1f2924fe4d8aaab468b9881130,nearest_visible_satellite_in_each_other_domain,union,os01,5.298995495,sampled
IDL-000014,IDL,cs01,os01,communication,observation,994,1058,2025-01-01T08:17:00.000000Z,2025-01-01T08:49:00.000000Z,1920.000000000,64,40676.687500000,38397.816406250,44716.285156250,80.000000000,0959490dcfeedeafc8e9e01f868552fc1a757f1f2924fe4d8aaab468b9881130,nearest_visible_satellite_in_each_other_domain,union,both,16.390499115,sampled
IDL-000015,IDL,cs01,os01,communication,observation,1188,1249,2025-01-01T09:54:00.000000Z,2025-01-01T10:24:30.000000Z,1830.000000000,61,39317.250000000,36200.714843750,44619.656250000,80.000000000,0959490dcfeedeafc8e9e01f868552fc1a757f1f2924fe4d8aaab468b9881130,nearest_visible_satellite_in_each_other_domain,union,both,55.414398193,sampled
IDL-000016,IDL,cs01,os01,communication,observation,1375,1444,2025-01-01T11:27:30.000000Z,2025-01-01T12:02:00.000000Z,2070.000000000,69,38305.832031250,35124.578125000,44593.078125000,80.000000000,0959490dcfeedeafc8e9e01f868552fc1a757f1f2924fe4d8aaab468b9881130,nearest_visible_satellite_in_each_other_domain,union,both,65.631538391,sampled
IDL-000017,IDL,cs01,os01,communication,observation,1544,1641,2025-01-01T12:52:00.000000Z,2025-01-01T13:40:30.000000Z,2910.000000000,97,38445.570312500,35511.121093750,44631.640625000,80.000000000,0959490dcfeedeafc8e9e01f868552fc1a757f1f2924fe4d8aaab468b9881130,nearest_visible_satellite_in_each_other_domain,union,both,49.064842224,sampled
IDL-000018,IDL,cs01,os01,communication,observation,1736,1840,2025-01-01T14:28:00.000000Z,2025-01-01T15:20:00.000000Z,3120.000000000,104,39719.234375000,37236.800781250,44651.953125000,80.000000000,0959490dcfeedeafc8e9e01f868552fc1a757f1f2924fe4d8aaab468b9881130,nearest_visible_satellite_in_each_other_domain,union,both,41.187755585,sampled
IDL-000019,IDL,cs01,os01,communication,observation,1931,2052,2025-01-01T16:05:30.000000Z,2025-01-01T17:06:00.000000Z,3630.000000000,121,41666.484375000,39747.398437500,44456.890625000,80.000000000,0959490dcfeedeafc8e9e01f868552fc1a757f1f2924fe4d8aaab468b9881130,nearest_visible_satellite_in_each_other_domain,union,both,129.077301025,sampled
IDL-000020,IDL,cs01,os01,communication,observation,2127,2222,2025-01-01T17:43:30.000000Z,2025-01-01T18:31:00.000000Z,2850.000000000,95,42925.941406250,41722.660156250,44010.066406250,80.000000000,0959490dcfeedeafc8e9e01f868552fc1a757f1f2924fe4d8aaab468b9881130,nearest_visible_satellite_in_each_other_domain,union,both,285.156951904,sampled
IDL-000021,IDL,cs01,os01,communication,observation,2288,2357,2025-01-01T19:04:00.000000Z,2025-01-01T19:38:30.000000Z,2070.000000000,69,41945.792968750,40405.863281250,44711.652343750,80.000000000,0959490dcfeedeafc8e9e01f868552fc1a757f1f2924fe4d8aaab468b9881130,nearest_visible_satellite_in_each_other_domain,union,both,22.055772781,sampled
IDL-000022,IDL,cs01,os01,communication,observation,2477,2540,2025-01-01T20:38:30.000000Z,2025-01-01T21:10:00.000000Z,1890.000000000,63,40328.085937500,37838.515625000,44688.441406250,80.000000000,0959490dcfeedeafc8e9e01f868552fc1a757f1f2924fe4d8aaab468b9881130,nearest_visible_satellite_in_each_other_domain,union,both,36.240535736,sampled
IDL-000023,IDL,cs01,os01,communication,observation,2672,2733,2025-01-01T22:16:00.000000Z,2025-01-01T22:46:30.000000Z,1830.000000000,61,39203.863281250,35839.816406250,44749.960937500,80.000000000,0959490dcfeedeafc8e9e01f868552fc1a757f1f2924fe4d8aaab468b9881130,nearest_visible_satellite_in_each_other_domain,union,both,10.491426468,sampled
IDL-000024,IDL,cs01,os01,communication,observation,2847,2881,2025-01-01T23:43:30.000000Z,2025-01-02T00:00:00.000000Z,990.000000000,34,35615.769531250,35074.996093750,37083.726562500,80.000000000,0959490dcfeedeafc8e9e01f868552fc1a757f1f2924fe4d8aaab468b9881130,nearest_visible_satellite_in_each_other_domain,union,both,707.584594727,sampled
IDL-000025,IDL,cs01,os02,communication,observation,58,147,2025-01-01T00:29:00.000000Z,2025-01-01T01:13:30.000000Z,2670.000000000,89,37855.644531250,35274.050781250,43479.648437500,80.000000000,0959490dcfeedeafc8e9e01f868552fc1a757f1f2924fe4d8aaab468b9881130,nearest_visible_satellite_in_each_other_domain,union,both,460.738098145,sampled
IDL-000026,IDL,cs01,os02,communication,observation,248,343,2025-01-01T02:04:00.000000Z,2025-01-01T02:51:30.000000Z,2850.000000000,95,38949.746093750,36709.847656250,43441.425781250,80.000000000,0959490dcfeedeafc8e9e01f868552fc1a757f1f2924fe4d8aaab468b9881130,nearest_visible_satellite_in_each_other_domain,union,both,470.793823242,sampled
IDL-000027,IDL,cs01,os02,communication,observation,443,539,2025-01-01T03:41:30.000000Z,2025-01-01T04:29:30.000000Z,2880.000000000,96,40566.410156250,39101.699218750,43512.085937500,80.000000000,0959490dcfeedeafc8e9e01f868552fc1a757f1f2924fe4d8aaab468b9881130,nearest_visible_satellite_in_each_other_domain,union,both,452.310974121,sampled
IDL-000028,IDL,cs01,os02,communication,observation,639,734,2025-01-01T05:19:30.000000Z,2025-01-01T06:07:00.000000Z,2850.000000000,95,42454.480468750,41451.980468750,43762.343750000,80.000000000,0959490dcfeedeafc8e9e01f868552fc1a757f1f2924fe4d8aaab468b9881130,nearest_visible_satellite_in_each_other_domain,union,both,381.539123535,sampled
IDL-000029,IDL,cs01,os02,communication,observation,805,808,2025-01-01T06:42:30.000000Z,2025-01-01T06:44:00.000000Z,90.000000000,3,41013.230468750,41001.136718750,41026.113281250,80.000000000,0959490dcfeedeafc8e9e01f868552fc1a757f1f2924fe4d8aaab468b9881130,nearest_visible_satellite_in_each_other_domain,union,cs01,696.895751953,sampled
IDL-000030,IDL,cs01,os02,communication,observation,835,877,2025-01-01T06:57:30.000000Z,2025-01-01T07:18:30.000000Z,1260.000000000,42,43205.863281250,41706.882812500,44737.890625000,80.000000000,0959490dcfeedeafc8e9e01f868552fc1a757f1f2924fe4d8aaab468b9881130,nearest_visible_satellite_in_each_other_domain,union,os02,16.191663742,sampled
IDL-000031,IDL,cs01,os02,communication,observation,923,926,2025-01-01T07:41:30.000000Z,2025-01-01T07:43:00.000000Z,90.000000000,3,44646.378906250,44571.191406250,44720.640625000,80.000000000,0959490dcfeedeafc8e9e01f868552fc1a757f1f2924fe4d8aaab468b9881130,nearest_visible_satellite_in_each_other_domain,union,os02,26.481203079,sampled
IDL-000032,IDL,cs01,os02,communication,observation,990,994,2025-01-01T08:15:00.000000Z,2025-01-01T08:17:00.000000Z,120.000000000,4,38472.703125000,38456.781250000,38493.488281250,80.000000000,0959490dcfeedeafc8e9e01f868552fc1a757f1f2924fe4d8aaab468b9881130,nearest_visible_satellite_in_each_other_domain,union,cs01,699.107482910,sampled
IDL-000033,IDL,cs01,os02,communication,observation,1030,1054,2025-01-01T08:35:00.000000Z,2025-01-01T08:47:00.000000Z,720.000000000,24,43057.703125000,41363.707031250,44740.546875000,80.000000000,0959490dcfeedeafc8e9e01f868552fc1a757f1f2924fe4d8aaab468b9881130,nearest_visible_satellite_in_each_other_domain,union,os02,5.760829449,sampled
IDL-000034,IDL,cs01,os02,communication,observation,1184,1188,2025-01-01T09:52:00.000000Z,2025-01-01T09:54:00.000000Z,120.000000000,4,36249.597656250,36239.675781250,36266.917968750,80.000000000,0959490dcfeedeafc8e9e01f868552fc1a757f1f2924fe4d8aaab468b9881130,nearest_visible_satellite_in_each_other_domain,union,cs01,699.963073730,sampled
IDL-000035,IDL,cs01,os02,communication,observation,1219,1245,2025-01-01T10:09:30.000000Z,2025-01-01T10:22:30.000000Z,780.000000000,26,42181.390625000,39689.199218750,44678.375000000,80.000000000,0959490dcfeedeafc8e9e01f868552fc1a757f1f2924fe4d8aaab468b9881130,nearest_visible_satellite_in_each_other_domain,union,os02,30.124099731,sampled
IDL-000036,IDL,cs01,os02,communication,observation,1372,1436,2025-01-01T11:26:00.000000Z,2025-01-01T11:58:00.000000Z,1920.000000000,64,38024.593750000,35133.878906250,43821.859375000,80.000000000,0959490dcfeedeafc8e9e01f868552fc1a757f1f2924fe4d8aaab468b9881130,nearest_visible_satellite_in_each_other_domain,union,both,347.563812256,sampled
IDL-000037,IDL,cs01,os02,communication,observation,1540,1631,2025-01-01T12:50:00.000000Z,2025-01-01T13:35:30.000000Z,2730.000000000,91,38065.472656250,35487.558593750,43557.324218750,80.000000000,0959490dcfeedeafc8e9e01f868552fc1a757f1f2924fe4d8aaab468b9881130,nearest_visible_satellite_in_each_other_domain,union,both,424.273315430,sampled
IDL-000038,IDL,cs01,os02,communication,observation,1732,1826,2025-01-01T14:26:00.000000Z,2025-01-01T15:13:00.000000Z,2820.000000000,94,39231.203125000,37187.566406250,43362.425781250,80.000000000,0959490dcfeedeafc8e9e01f868552fc1a757f1f2924fe4d8aaab468b9881130,nearest_visible_satellite_in_each_other_domain,union,both,474.639312744,sampled
IDL-000039,IDL,cs01,os02,communication,observation,1927,2022,2025-01-01T16:03:30.000000Z,2025-01-01T16:51:00.000000Z,2850.000000000,95,40959.472656250,39689.503906250,43511.285156250,80.000000000,0959490dcfeedeafc8e9e01f868552fc1a757f1f2924fe4d8aaab468b9881130,nearest_visible_satellite_in_each_other_domain,union,both,436.466583252,sampled
IDL-000040,IDL,cs01,os02,communication,observation,2123,2217,2025-01-01T17:41:30.000000Z,2025-01-01T18:28:30.000000Z,2820.000000000,94,42880.992187500,41708.136718750,43978.445312500,80.000000000,0959490dcfeedeafc8e9e01f868552fc1a757f1f2924fe4d8aaab468b9881130,nearest_visible_satellite_in_each_other_domain,union,both,295.739715576,sampled
IDL-000041,IDL,cs01,os02,communication,observation,2284,2288,2025-01-01T19:02:00.000000Z,2025-01-01T19:04:00.000000Z,120.000000000,4,40488.710937500,40471.656250000,40508.585937500,80.000000000,0959490dcfeedeafc8e9e01f868552fc1a757f1f2924fe4d8aaab468b9881130,nearest_visible_satellite_in_each_other_domain,union,cs01,716.821899414,sampled
IDL-000042,IDL,cs01,os02,communication,observation,2319,2353,2025-01-01T19:19:30.000000Z,2025-01-01T19:36:30.000000Z,1020.000000000,34,43184.152343750,41695.761718750,44694.300781250,80.000000000,0959490dcfeedeafc8e9e01f868552fc1a757f1f2924fe4d8aaab468b9881130,nearest_visible_satellite_in_each_other_domain,union,os02,29.595010757,sampled
IDL-000043,IDL,cs01,os02,communication,observation,2473,2477,2025-01-01T20:36:30.000000Z,2025-01-01T20:38:30.000000Z,120.000000000,4,37906.609375000,37893.093750000,37925.585937500,80.000000000,0959490dcfeedeafc8e9e01f868552fc1a757f1f2924fe4d8aaab468b9881130,nearest_visible_satellite_in_each_other_domain,union,cs01,715.856384277,sampled
IDL-000044,IDL,cs01,os02,communication,observation,2513,2536,2025-01-01T20:56:30.000000Z,2025-01-01T21:08:00.000000Z,690.000000000,23,42959.398437500,41182.792968750,44722.230468750,80.000000000,0959490dcfeedeafc8e9e01f868552fc1a757f1f2924fe4d8aaab468b9881130,nearest_visible_satellite_in_each_other_domain,union,os02,21.250215530,sampled
IDL-000045,IDL,cs01,os02,communication,observation,2667,2672,2025-01-01T22:13:30.000000Z,2025-01-01T22:16:00.000000Z,150.000000000,5,35883.445312500,35872.351562500,35905.605468750,80.000000000,0959490dcfeedeafc8e9e01f868552fc1a757f1f2924fe4d8aaab468b9881130,nearest_visible_satellite_in_each_other_domain,union,cs01,715.095581055,sampled
IDL-000046,IDL,cs01,os02,communication,observation,2698,2728,2025-01-01T22:29:00.000000Z,2025-01-01T22:44:00.000000Z,900.000000000,30,41617.222656250,38686.210937500,44616.878906250,80.000000000,0959490dcfeedeafc8e9e01f868552fc1a757f1f2924fe4d8aaab468b9881130,nearest_visible_satellite_in_each_other_domain,union,os02,68.785812378,sampled
IDL-000047,IDL,cs01,os02,communication,observation,2844,2881,2025-01-01T23:42:00.000000Z,2025-01-02T00:00:00.000000Z,1080.000000000,37,35593.355468750,35076.007812500,36863.617187500,80.000000000,0959490dcfeedeafc8e9e01f868552fc1a757f1f2924fe4d8aaab468b9881130,nearest_visible_satellite_in_each_other_domain,union,both,708.156005859,sampled
IDL-000048,IDL,cs01,os03,communication,observation,54,143,2025-01-01T00:27:00.000000Z,2025-01-01T01:11:30.000000Z,2670.000000000,89,37859.589843750,35257.644531250,43554.335937500,80.000000000,0959490dcfeedeafc8e9e01f868552fc1a757f1f2924fe4d8aaab468b9881130,nearest_visible_satellite_in_each_other_domain,union,both,440.719055176,sampled
IDL-000049,IDL,cs01,os03,communication,observation,244,339,2025-01-01T02:02:00.000000Z,2025-01-01T02:49:30.000000Z,2850.000000000,95,38928.964843750,36664.507812500,43498.453125000,80.000000000,0959490dcfeedeafc8e9e01f868552fc1a757f1f2924fe4d8aaab468b9881130,nearest_visible_satellite_in_each_other_domain,union,both,455.856597900,sampled
IDL-000050,IDL,cs01,os03,communication,observation,439,534,2025-01-01T03:39:30.000000Z,2025-01-01T04:27:00.000000Z,2850.000000000,95,40501.566406250,39043.496093750,43452.964843750,80.000000000,0959490dcfeedeafc8e9e01f868552fc1a757f1f2924fe4d8aaab468b9881130,nearest_visible_satellite_in_each_other_domain,union,both,467.970916748,sampled
IDL-000051,IDL,cs01,os03,communication,observation,635,730,2025-01-01T05:17:30.000000Z,2025-01-01T06:05:00.000000Z,2850.000000000,95,42418.625000000,41416.750000000,43751.285156250,80.000000000,0959490dcfeedeafc8e9e01f868552fc1a757f1f2924fe4d8aaab468b9881130,nearest_visible_satellite_in_each_other_domain,union,both,384.752532959,sampled
IDL-000052,IDL,cs01,os03,communication,observation,801,805,2025-01-01T06:40:30.000000Z,2025-01-01T06:42:30.000000Z,120.000000000,4,41057.843750000,41041.511718750,41076.539062500,80.000000000,0959490dcfeedeafc8e9e01f868552fc1a757f1f2924fe4d8aaab468b9881130,nearest_visible_satellite_in_each_other_domain,union,cs01,696.698791504,sampled
IDL-000053,IDL,cs01,os03,communication,observation,831,874,2025-01-01T06:55:30.000000Z,2025-01-01T07:17:00.000000Z,1290.000000000,43,43236.101562500,41730.015625000,44765.203125000,80.000000000,0959490dcfeedeafc8e9e01f868552fc1a757f1f2924fe4d8aaab468b9881130,nearest_visible_satellite_in_each_other_domain,union,os03,4.446895599,sampled
IDL-000054,IDL,cs01,os03,communication,observation,918,922,2025-01-01T07:39:00.000000Z,2025-01-01T07:41:00.000000Z,120.000000000,4,44636.164062500,44525.773437500,44743.777343750,80.000000000,0959490dcfeedeafc8e9e01f868552fc1a757f1f2924fe4d8aaab468b9881130,nearest_visible_satellite_in_each_other_domain,union,os03,16.312797546,sampled
IDL-000055,IDL,cs01,os03,communication,observation,985,990,2025-01-01T08:12:30.000000Z,2025-01-01T08:15:00.000000Z,150.000000000,5,38534.570312500,38512.613281250,38566.113281250,80.000000000,0959490dcfeedeafc8e9e01f868552fc1a757f1f2924fe4d8aaab468b9881130,nearest_visible_satellite_in_each_other_domain,union,cs01,699.022521973,sampled
IDL-000056,IDL,cs01,os03,communication,observation,1025,1049,2025-01-01T08:32:30.000000Z,2025-01-01T08:44:30.000000Z,720.000000000,24,42953.769531250,41281.246093750,44625.894531250,80.000000000,0959490dcfeedeafc8e9e01f868552fc1a757f1f2924fe4d8aaab468b9881130,nearest_visible_satellite_in_each_other_domain,union,os03,55.781658173,sampled
IDL-000057,IDL,cs01,os03,communication,observation,1179,1184,2025-01-01T09:49:30.000000Z,2025-01-01T09:52:00.000000Z,150.000000000,5,36293.335937500,36279.273437500,36321.421875000,80.000000000,0959490dcfeedeafc8e9e01f868552fc1a757f1f2924fe4d8aaab468b9881130,nearest_visible_satellite_in_each_other_domain,union,cs01,699.874206543,sampled
IDL-000058,IDL,cs01,os03,communication,observation,1215,1241,2025-01-01T10:07:30.000000Z,2025-01-01T10:20:30.000000Z,780.000000000,26,42252.917968750,39768.648437500,44736.097656250,80.000000000,0959490dcfeedeafc8e9e01f868552fc1a757f1f2924fe4d8aaab468b9881130,nearest_visible_satellite_in_each_other_domain,union,os03,4.742905140,sampled
IDL-000059,IDL,cs01,os03,communication,observation,1369,1431,2025-01-01T11:24:30.000000Z,2025-01-01T11:55:30.000000Z,1860.000000000,62,38023.281250000,35142.203125000,43682.109375000,80.000000000,0959490dcfeedeafc8e9e01f868552fc1a757f1f2924fe4d8aaab468b9881130,nearest_visible_satellite_in_each_other_domain,union,both,389.475799561,sampled
IDL-000060,IDL,cs01,os03,communication,observation,1535,1626,2025-01-01T12:47:30.000000Z,2025-01-01T13:33:00.000000Z,2730.000000000,91,38026.796875000,35462.890625000,43430.148437500,80.000000000,0959490dcfeedeafc8e9e01f868552fc1a757f1f2924fe4d8aaab468b9881130,nearest_visible_satellite_in_each_other_domain,union,both,457.819519043,sampled
IDL-000061,IDL,cs01,os03,communication,observation,1727,1822,2025-01-01T14:23:30.000000Z,2025-01-01T15:11:00.000000Z,2850.000000000,95,39229.523437500,37138.343750000,43413.332031250,80.000000000,0959490dcfeedeafc8e9e01f868552fc1a757f1f2924fe4d8aaab468b9881130,nearest_visible_satellite_in_each_other_domain,union,both,461.979522705,sampled
IDL-000062,IDL,cs01,os03,communication,observation,1923,2018,2025-01-01T16:01:30.000000Z,2025-01-01T16:49:00.000000Z,2850.000000000,95,40924.656250000,39631.562500000,43530.011718750,80.000000000,0959490dcfeedeafc8e9e01f868552fc1a757f1f2924fe4d8aaab468b9881130,nearest_visible_satellite_in_each_other_domain,union,both,431.505615234,sampled
IDL-000063,IDL,cs01,os03,communication,observation,2118,2213,2025-01-01T17:39:00.000000Z,2025-01-01T18:26:30.000000Z,2850.000000000,95,42834.515625000,41691.687500000,43948.718750000,80.000000000,0959490dcfeedeafc8e9e01f868552fc1a757f1f2924fe4d8aaab468b9881130,nearest_visible_satellite_in_each_other_domain,union,both,305.560424805,sampled
IDL-000064,IDL,cs01,os03,communication,observation,2280,2284,2025-01-01T19:00:00.000000Z,2025-01-01T19:02:00.000000Z,120.000000000,4,40543.296875000,40526.277343750,40563.085937500,80.000000000,0959490dcfeedeafc8e9e01f868552fc1a757f1f2924fe4d8aaab468b9881130,nearest_visible_satellite_in_each_other_domain,union,cs01,716.839721680,sampled
IDL-000065,IDL,cs01,os03,communication,observation,2314,2350,2025-01-01T19:17:00.000000Z,2025-01-01T19:35:00.000000Z,1080.000000000,36,43191.171875000,41649.703125000,44756.515625000,80.000000000,0959490dcfeedeafc8e9e01f868552fc1a757f1f2924fe4d8aaab468b9881130,nearest_visible_satellite_in_each_other_domain,union,os03,1.628697991,sampled
IDL-000066,IDL,cs01,os03,communication,observation,2468,2473,2025-01-01T20:34:00.000000Z,2025-01-01T20:36:30.000000Z,150.000000000,5,37965.660156250,37947.050781250,37995.039062500,80.000000000,0959490dcfeedeafc8e9e01f868552fc1a757f1f2924fe4d8aaab468b9881130,nearest_visible_satellite_in_each_other_domain,union,cs01,715.751770020,sampled
IDL-000067,IDL,cs01,os03,communication,observation,2508,2532,2025-01-01T20:54:00.000000Z,2025-01-01T21:06:00.000000Z,720.000000000,24,42928.796875000,41091.929687500,44754.769531250,80.000000000,0959490dcfeedeafc8e9e01f868552fc1a757f1f2924fe4d8aaab468b9881130,nearest_visible_satellite_in_each_other_domain,union,os03,6.642187119,sampled
IDL-000068,IDL,cs01,os03,communication,observation,2663,2667,2025-01-01T22:11:30.000000Z,2025-01-01T22:13:30.000000Z,120.000000000,4,35915.234375000,35906.316406250,35931.910156250,80.000000000,0959490dcfeedeafc8e9e01f868552fc1a757f1f2924fe4d8aaab468b9881130,nearest_visible_satellite_in_each_other_domain,union,cs01,715.182556152,sampled
IDL-000069,IDL,cs01,os03,communication,observation,2694,2723,2025-01-01T22:27:00.000000Z,2025-01-01T22:41:30.000000Z,870.000000000,29,41589.718750000,38765.335937500,44483.214843750,80.000000000,0959490dcfeedeafc8e9e01f868552fc1a757f1f2924fe4d8aaab468b9881130,nearest_visible_satellite_in_each_other_domain,union,os03,124.574005127,sampled
IDL-000070,IDL,cs01,os03,communication,observation,2841,2881,2025-01-01T23:40:30.000000Z,2025-01-02T00:00:00.000000Z,1170.000000000,40,35642.531250000,35078.640625000,36659.238281250,80.000000000,0959490dcfeedeafc8e9e01f868552fc1a757f1f2924fe4d8aaab468b9881130,nearest_visible_satellite_in_each_other_domain,union,both,708.721862793,sampled
IDL-000071,IDL,cs01,os04,communication,observation,50,139,2025-01-01T00:25:00.000000Z,2025-01-01T01:09:30.000000Z,2670.000000000,89,37864.664062500,35241.882812500,43629.203125000,80.000000000,0959490dcfeedeafc8e9e01f868552fc1a757f1f2924fe4d8aaab468b9881130,nearest_visible_satellite_in_each_other_domain,union,both,419.874176025,sampled
IDL-000072,IDL,cs01,os04,communication,observation,240,334,2025-01-01T02:00:00.000000Z,2025-01-01T02:47:00.000000Z,2820.000000000,94,38859.605468750,36620.195312500,43394.714843750,80.000000000,0959490dcfeedeafc8e9e01f868552fc1a757f1f2924fe4d8aaab468b9881130,nearest_visible_satellite_in_each_other_domain,union,both,482.688964844,sampled
IDL-000073,IDL,cs01,os04,communication,observation,435,530,2025-01-01T03:37:30.000000Z,2025-01-01T04:25:00.000000Z,2850.000000000,95,40468.171875000,38985.519531250,43479.992187500,80.000000000,0959490dcfeedeafc8e9e01f868552fc1a757f1f2924fe4d8aaab468b9881130,nearest_visible_satellite_in_each_other_domain,union,both,460.860748291,sampled
IDL-000074,IDL,cs01,os04,communication,observation,630,725,2025-01-01T05:15:00.000000Z,2025-01-01T06:02:30.000000Z,2850.000000000,95,42361.980468750,41380.156250000,43741.476562500,80.000000000,0959490dcfeedeafc8e9e01f868552fc1a757f1f2924fe4d8aaab468b9881130,nearest_visible_satellite_in_each_other_domain,union,both,387.656250000,sampled
IDL-000075,IDL,cs01,os04,communication,observation,797,801,2025-01-01T06:38:30.000000Z,2025-01-01T06:40:30.000000Z,120.000000000,4,41107.089843750,41090.089843750,41126.410156250,80.000000000,0959490dcfeedeafc8e9e01f868552fc1a757f1f2924fe4d8aaab468b9881130,nearest_visible_satellite_in_each_other_domain,union,cs01,696.645629883,sampled
IDL-000076,IDL,cs01,os04,communication,observation,826,870,2025-01-01T06:53:00.000000Z,2025-01-01T07:15:00.000000Z,1320.000000000,44,43193.308593750,41697.304687500,44729.816406250,80.000000000,0959490dcfeedeafc8e9e01f868552fc1a757f1f2924fe4d8aaab468b9881130,nearest_visible_satellite_in_each_other_domain,union,os04,20.444030762,sampled
IDL-000077,IDL,cs01,os04,communication,observation,913,918,2025-01-01T07:36:30.000000Z,2025-01-01T07:39:00.000000Z,150.000000000,5,44625.156250000,44481.195312500,44763.597656250,80.000000000,0959490dcfeedeafc8e9e01f868552fc1a757f1f2924fe4d8aaab468b9881130,nearest_visible_satellite_in_each_other_domain,union,os04,7.551660538,sampled
IDL-000078,IDL,cs01,os04,communication,observation,981,985,2025-01-01T08:10:30.000000Z,2025-01-01T08:12:30.000000Z,120.000000000,4,38593.363281250,38573.933593750,38617.503906250,80.000000000,0959490dcfeedeafc8e9e01f868552fc1a757f1f2924fe4d8aaab468b9881130,nearest_visible_satellite_in_each_other_domain,union,cs01,699.151306152,sampled
IDL-000079,IDL,cs01,os04,communication,observation,1021,1045,2025-01-01T08:30:30.000000Z,2025-01-01T08:42:30.000000Z,720.000000000,24,42995.218750000,41338.191406250,44649.316406250,80.000000000,0959490dcfeedeafc8e9e01f868552fc1a757f1f2924fe4d8aaab468b9881130,nearest_visible_satellite_in_each_other_domain,union,os04,45.859268188,sampled
IDL-000080,IDL,cs01,os04,communication,observation,1175,1179,2025-01-01T09:47:30.000000Z,2025-01-01T09:49:30.000000Z,120.000000000,4,36332.355468750,36318.492187500,36353.511718750,80.000000000,0959490dcfeedeafc8e9e01f868552fc1a757f1f2924fe4d8aaab468b9881130,nearest_visible_satellite_in_each_other_domain,union,cs01,700.009033203,sampled
IDL-000081,IDL,cs01,os04,communication,observation,1211,1236,2025-01-01T10:05:30.000000Z,2025-01-01T10:18:00.000000Z,750.000000000,25,42225.023437500,39847.890625000,44605.128906250,80.000000000,0959490dcfeedeafc8e9e01f868552fc1a757f1f2924fe4d8aaab468b9881130,nearest_visible_satellite_in_each_other_domain,union,os04,61.714523315,sampled
IDL-000082,IDL,cs01,os04,communication,observation,1366,1427,2025-01-01T11:23:00.000000Z,2025-01-01T11:53:30.000000Z,1830.000000000,61,38119.617187500,35152.246093750,43759.097656250,80.000000000,0959490dcfeedeafc8e9e01f868552fc1a757f1f2924fe4d8aaab468b9881130,nearest_visible_satellite_in_each_other_domain,union,both,366.744323730,sampled
IDL-000083,IDL,cs01,os04,communication,observation,1531,1622,2025-01-01T12:45:30.000000Z,2025-01-01T13:31:00.000000Z,2730.000000000,91,38024.042968750,35439.765625000,43502.687500000,80.000000000,0959490dcfeedeafc8e9e01f868552fc1a757f1f2924fe4d8aaab468b9881130,nearest_visible_satellite_in_each_other_domain,union,both,438.964630127,sampled
IDL-000084,IDL,cs01,os04,communication,observation,1723,1818,2025-01-01T14:21:30.000000Z,2025-01-01T15:09:00.000000Z,2850.000000000,95,39205.308593750,37089.167968750,43465.156250000,80.000000000,0959490dcfeedeafc8e9e01f868552fc1a757f1f2924fe4d8aaab468b9881130,nearest_visible_satellite_in_each_other_domain,union,both,448.724304199,sampled
IDL-000085,IDL,cs01,os04,communication,observation,1918,2014,2025-01-01T15:59:00.000000Z,2025-01-01T16:47:00.000000Z,2880.000000000,96,40898.425781250,39573.371093750,43549.988281250,80.000000000,0959490dcfeedeafc8e9e01f868552fc1a757f1f2924fe4d8aaab468b9881130,nearest_visible_satellite_in_each_other_domain,union,both,426.158264160,sampled
IDL-000086,IDL,cs01,os04,communication,observation,2114,2209,2025-01-01T17:37:00.000000Z,2025-01-01T18:24:30.000000Z,2850.000000000,95,42799.519531250,41673.210937500,43920.230468750,80.000000000,0959490dcfeedeafc8e9e01f868552fc1a757f1f2924fe4d8aaab468b9881130,nearest_visible_satellite_in_each_other_domain,union,both,314.882202148,sampled
IDL-000087,IDL,cs01,os04,communication,observation,2276,2280,2025-01-01T18:58:00.000000Z,2025-01-01T19:00:00.000000Z,120.000000000,4,40597.582031250,40580.535156250,40617.351562500,80.000000000,0959490dcfeedeafc8e9e01f868552fc1a757f1f2924fe4d8aaab468b9881130,nearest_visible_satellite_in_each_other_domain,union,cs01,716.855346680,sampled
IDL-000088,IDL,cs01,os04,communication,observation,2310,2346,2025-01-01T19:15:00.000000Z,2025-01-01T19:33:00.000000Z,1080.000000000,36,43196.234375000,41680.437500000,44735.574218750,80.000000000,0959490dcfeedeafc8e9e01f868552fc1a757f1f2924fe4d8aaab468b9881130,nearest_visible_satellite_in_each_other_domain,union,os04,10.892433167,sampled
IDL-000089,IDL,cs01,os04,communication,observation,2464,2468,2025-01-01T20:32:00.000000Z,2025-01-01T20:34:00.000000Z,120.000000000,4,38021.234375000,38004.136718750,38043.648437500,80.000000000,0959490dcfeedeafc8e9e01f868552fc1a757f1f2924fe4d8aaab468b9881130,nearest_visible_satellite_in_each_other_domain,union,cs01,715.821411133,sampled
IDL-000090,IDL,cs01,os04,communication,observation,2504,2527,2025-01-01T20:52:00.000000Z,2025-01-01T21:03:30.000000Z,690.000000000,23,42898.941406250,41155.195312500,44636.335937500,80.000000000,0959490dcfeedeafc8e9e01f868552fc1a757f1f2924fe4d8aaab468b9881130,nearest_visible_satellite_in_each_other_domain,union,os04,58.773571014,sampled
IDL-000091,IDL,cs01,os04,communication,observation,2659,2663,2025-01-01T22:09:30.000000Z,2025-01-01T22:11:30.000000Z,120.000000000,4,35946.835937500,35939.964843750,35959.707031250,80.000000000,0959490dcfeedeafc8e9e01f868552fc1a757f1f2924fe4d8aaab468b9881130,nearest_visible_satellite_in_each_other_domain,union,cs01,715.267395020,sampled
IDL-000092,IDL,cs01,os04,communication,observation,2691,2719,2025-01-01T22:25:30.000000Z,2025-01-01T22:39:30.000000Z,840.000000000,28,41765.980468750,39028.515625000,44546.710937500,80.000000000,0959490dcfeedeafc8e9e01f868552fc1a757f1f2924fe4d8aaab468b9881130,nearest_visible_satellite_in_each_other_domain,union,os04,98.380050659,sampled
IDL-000093,IDL,cs01,os04,communication,observation,2837,2881,2025-01-01T23:38:30.000000Z,2025-01-02T00:00:00.000000Z,1290.000000000,44,35779.675781250,35080.183593750,37380.566406250,80.000000000,0959490dcfeedeafc8e9e01f868552fc1a757f1f2924fe4d8aaab468b9881130,nearest_visible_satellite_in_each_other_domain,union,both,708.881164551,sampled
IDL-000094,IDL,cs01,os05,communication,observation,23,134,2025-01-01T00:11:30.000000Z,2025-01-01T01:07:00.000000Z,3330.000000000,111,38709.441406250,35225.960937500,44582.792968750,80.000000000,0959490dcfeedeafc8e9e01f868552fc1a757f1f2924fe4d8aaab468b9881130,nearest_visible_satellite_in_each_other_domain,union,both,69.478271484,sampled
IDL-000095,IDL,cs01,os05,communication,observation,217,330,2025-01-01T01:48:30.000000Z,2025-01-01T02:45:00.000000Z,3390.000000000,113,39536.632812500,36577.039062500,44707.625000000,80.000000000,0959490dcfeedeafc8e9e01f868552fc1a757f1f2924fe4d8aaab468b9881130,nearest_visible_satellite_in_each_other_domain,union,both,15.115795135,sampled
IDL-000096,IDL,cs01,os05,communication,observation,407,526,2025-01-01T03:23:30.000000Z,2025-01-01T04:23:00.000000Z,3570.000000000,119,40989.699218750,38927.796875000,44726.640625000,80.000000000,0959490dcfeedeafc8e9e01f868552fc1a757f1f2924fe4d8aaab468b9881130,nearest_visible_satellite_in_each_other_domain,union,both,6.277930737,sampled
IDL-000097,IDL,cs01,os05,communication,observation,577,721,2025-01-01T04:48:30.000000Z,2025-01-01T06:00:30.000000Z,4320.000000000,144,42643.019531250,41341.871093750,44720.968750000,80.000000000,0959490dcfeedeafc8e9e01f868552fc1a757f1f2924fe4d8aaab468b9881130,nearest_visible_satellite_in_each_other_domain,union,both,13.095335007,sampled
IDL-000098,IDL,cs01,os05,communication,observation,727,797,2025-01-01T06:03:30.000000Z,2025-01-01T06:38:30.000000Z,2100.000000000,70,42433.656250000,41137.976562500,43706.933593750,80.000000000,0959490dcfeedeafc8e9e01f868552fc1a757f1f2924fe4d8aaab468b9881130,nearest_visible_satellite_in_each_other_domain,union,cs01,396.240875244,sampled
IDL-000099,IDL,cs01,os05,communication,observation,822,867,2025-01-01T06:51:00.000000Z,2025-01-01T07:13:30.000000Z,1350.000000000,45,43219.640625000,41719.214843750,44750.601562500,80.000000000,0959490dcfeedeafc8e9e01f868552fc1a757f1f2924fe4d8aaab468b9881130,nearest_visible_satellite_in_each_other_domain,union,os05,11.637356758,sampled
IDL-000100,IDL,cs01,os05,communication,observation,908,981,2025-01-01T07:34:00.000000Z,2025-01-01T08:10:30.000000Z,2190.000000000,73,41400.273437500,38629.566406250,44780.109375000,80.000000000,0959490dcfeedeafc8e9e01f868552fc1a757f1f2924fe4d8aaab468b9881130,nearest_visible_satellite_in_each_other_domain,union,both,0.227825701,sampled
IDL-000101,IDL,cs01,os05,communication,observation,1017,1041,2025-01-01T08:28:30.000000Z,2025-01-01T08:40:30.000000Z,720.000000000,24,43035.472656250,41394.144531250,44671.441406250,80.000000000,0959490dcfeedeafc8e9e01f868552fc1a757f1f2924fe4d8aaab468b9881130,nearest_visible_satellite_in_each_other_domain,union,os05,36.417648315,sampled
IDL-000102,IDL,cs01,os05,communication,observation,1112,1175,2025-01-01T09:16:00.000000Z,2025-01-01T09:47:30.000000Z,1890.000000000,63,39741.390625000,36358.980468750,44699.972656250,80.000000000,0959490dcfeedeafc8e9e01f868552fc1a757f1f2924fe4d8aaab468b9881130,nearest_visible_satellite_in_each_other_domain,union,cs01,34.112010956,sampled
IDL-000103,IDL,cs01,os05,communication,observation,1207,1232,2025-01-01T10:03:30.000000Z,2025-01-01T10:16:00.000000Z,750.000000000,25,42295.796875000,39926.894531250,44662.347656250,80.000000000,0959490dcfeedeafc8e9e01f868552fc1a757f1f2924fe4d8aaab468b9881130,nearest_visible_satellite_in_each_other_domain,union,os05,37.212471008,sampled
IDL-000104,IDL,cs01,os05,communication,observation,1310,1423,2025-01-01T10:55:00.000000Z,2025-01-01T11:51:30.000000Z,3390.000000000,113,38779.402343750,35163.738281250,44673.511718750,80.000000000,0959490dcfeedeafc8e9e01f868552fc1a757f1f2924fe4d8aaab468b9881130,nearest_visible_satellite_in_each_other_domain,union,both,45.293052673,sampled
IDL-000105,IDL,cs01,os05,communication,observation,1506,1618,2025-01-01T12:33:00.000000Z,2025-01-01T13:29:00.000000Z,3360.000000000,112,38872.289062500,35418.246093750,44705.125000000,80.000000000,0959490dcfeedeafc8e9e01f868552fc1a757f1f2924fe4d8aaab468b9881130,nearest_visible_satellite_in_each_other_domain,union,both,31.744922638,sampled
IDL-000106,IDL,cs01,os05,communication,observation,1700,1813,2025-01-01T14:10:00.000000Z,2025-01-01T15:06:30.000000Z,3390.000000000,113,39797.843750000,37040.972656250,44698.441406250,80.000000000,0959490dcfeedeafc8e9e01f868552fc1a757f1f2924fe4d8aaab468b9881130,nearest_visible_satellite_in_each_other_domain,union,both,35.720619202,sampled
IDL-000107,IDL,cs01,os05,communication,observation,1888,2009,2025-01-01T15:44:00.000000Z,2025-01-01T16:44:30.000000Z,3630.000000000,121,41351.457031250,39514.937500000,44713.792968750,80.000000000,0959490dcfeedeafc8e9e01f868552fc1a757f1f2924fe4d8aaab468b9881130,nearest_visible_satellite_in_each_other_domain,union,both,30.962181091,sampled
IDL-000108,IDL,cs01,os05,communication,observation,2052,2276,2025-01-01T17:06:00.000000Z,2025-01-01T18:58:00.000000Z,6720.000000000,224,42653.503906250,40634.402343750,44437.042968750,80.000000000,0959490dcfeedeafc8e9e01f868552fc1a757f1f2924fe4d8aaab468b9881130,nearest_visible_satellite_in_each_other_domain,union,both,144.388000488,sampled
IDL-000109,IDL,cs01,os05,communication,observation,2305,2342,2025-01-01T19:12:30.000000Z,2025-01-01T19:31:00.000000Z,1110.000000000,37,43157.812500000,41637.753906250,44713.574218750,80.000000000,0959490dcfeedeafc8e9e01f868552fc1a757f1f2924fe4d8aaab468b9881130,nearest_visible_satellite_in_each_other_domain,union,os05,20.555452347,sampled
IDL-000110,IDL,cs01,os05,communication,observation,2395,2464,2025-01-01T19:57:30.000000Z,2025-01-01T20:32:00.000000Z,2070.000000000,69,40934.097656250,38057.996093750,44738.296875000,80.000000000,0959490dcfeedeafc8e9e01f868552fc1a757f1f2924fe4d8aaab468b9881130,nearest_visible_satellite_in_each_other_domain,union,cs01,1.171817660,sampled
IDL-000111,IDL,cs01,os05,communication,observation,2500,2523,2025-01-01T20:50:00.000000Z,2025-01-01T21:01:30.000000Z,690.000000000,23,42947.382812500,41217.589843750,44668.078125000,80.000000000,0959490dcfeedeafc8e9e01f868552fc1a757f1f2924fe4d8aaab468b9881130,nearest_visible_satellite_in_each_other_domain,union,os05,44.948360443,sampled
IDL-000112,IDL,cs01,os05,communication,observation,2596,2659,2025-01-01T21:38:00.000000Z,2025-01-01T22:09:30.000000Z,1890.000000000,63,39453.730468750,35974.265625000,44722.656250000,80.000000000,0959490dcfeedeafc8e9e01f868552fc1a757f1f2924fe4d8aaab468b9881130,nearest_visible_satellite_in_each_other_domain,union,cs01,9.048845291,sampled
IDL-000113,IDL,cs01,os05,communication,observation,2687,2715,2025-01-01T22:23:30.000000Z,2025-01-01T22:37:30.000000Z,840.000000000,28,41840.902343750,39108.281250000,44609.312500000,80.000000000,0959490dcfeedeafc8e9e01f868552fc1a757f1f2924fe4d8aaab468b9881130,nearest_visible_satellite_in_each_other_domain,union,os05,71.950286865,sampled
IDL-000114,IDL,cs01,os05,communication,observation,2794,2881,2025-01-01T23:17:00.000000Z,2025-01-02T00:00:00.000000Z,2580.000000000,87,38007.843750000,35083.464843750,44615.027343750,80.000000000,0959490dcfeedeafc8e9e01f868552fc1a757f1f2924fe4d8aaab468b9881130,nearest_visible_satellite_in_each_other_domain,union,both,56.242153168,sampled
IDL-000115,IDL,cs02,ns01,communication,navigation,1447,2339,2025-01-01T12:03:30.000000Z,2025-01-01T19:29:30.000000Z,26760.000000000,892,30989.191406250,24828.816406250,35196.597656250,80.000000000,0959490dcfeedeafc8e9e01f868552fc1a757f1f2924fe4d8aaab468b9881130,nearest_visible_satellite_in_each_other_domain,union,both,21294.494140625,sampled
IDL-000116,IDL,cs02,ns02,communication,navigation,969,1447,2025-01-01T08:04:30.000000Z,2025-01-01T12:03:30.000000Z,14340.000000000,478,20519.333984375,14530.408203125,30906.144531250,80.000000000,0959490dcfeedeafc8e9e01f868552fc1a757f1f2924fe4d8aaab468b9881130,nearest_visible_satellite_in_each_other_domain,union,both,21471.773437500,sampled
IDL-000117,IDL,cs02,ns03,communication,navigation,83,985,2025-01-01T00:41:30.000000Z,2025-01-01T08:12:30.000000Z,27060.000000000,902,31091.207031250,27549.279296875,34684.085937500,80.000000000,0959490dcfeedeafc8e9e01f868552fc1a757f1f2924fe4d8aaab468b9881130,nearest_visible_satellite_in_each_other_domain,union,both,21350.730468750,sampled
IDL-000118,IDL,cs02,ns04,communication,navigation,0,96,2025-01-01T00:00:00.000000Z,2025-01-01T00:48:00.000000Z,2880.000000000,96,26024.962890625,22217.037109375,29798.419921875,80.000000000,0959490dcfeedeafc8e9e01f868552fc1a757f1f2924fe4d8aaab468b9881130,nearest_visible_satellite_in_each_other_domain,union,both,21519.755859375,sampled
IDL-000119,IDL,cs02,ns04,communication,navigation,2814,2881,2025-01-01T23:27:00.000000Z,2025-01-02T00:00:00.000000Z,1980.000000000,67,24491.054687500,23123.023437500,26155.466796875,80.000000000,0959490dcfeedeafc8e9e01f868552fc1a757f1f2924fe4d8aaab468b9881130,nearest_visible_satellite_in_each_other_domain,union,cs02,21521.882812500,sampled
IDL-000120,IDL,cs02,ns05,communication,navigation,2325,2814,2025-01-01T19:22:30.000000Z,2025-01-01T23:27:00.000000Z,14670.000000000,489,21532.396484375,15473.358398438,32709.263671875,80.000000000,0959490dcfeedeafc8e9e01f868552fc1a757f1f2924fe4d8aaab468b9881130,nearest_visible_satellite_in_each_other_domain,union,both,21483.527343750,sampled
IDL-000121,IDL,cs02,os01,communication,observation,56,62,2025-01-01T00:28:00.000000Z,2025-01-01T00:31:00.000000Z,180.000000000,6,40500.449218750,40021.089843750,40986.242187500,80.000000000,0959490dcfeedeafc8e9e01f868552fc1a757f1f2924fe4d8aaab468b9881130,nearest_visible_satellite_in_each_other_domain,union,os01,699.299377441,sampled
IDL-000122,IDL,cs02,os01,communication,observation,94,158,2025-01-01T00:47:00.000000Z,2025-01-01T01:19:00.000000Z,1920.000000000,64,39753.785156250,36381.855468750,44747.589843750,80.000000000,0959490dcfeedeafc8e9e01f868552fc1a757f1f2924fe4d8aaab468b9881130,nearest_visible_satellite_in_each_other_domain,union,cs02,12.129163742,sampled
IDL-000123,IDL,cs02,os01,communication,observation,250,253,2025-01-01T02:05:00.000000Z,2025-01-01T02:06:30.000000Z,90.000000000,3,41461.312500000,41325.636718750,41597.546875000,80.000000000,0959490dcfeedeafc8e9e01f868552fc1a757f1f2924fe4d8aaab468b9881130,nearest_visible_satellite_in_each_other_domain,union,os01,698.159545898,sampled
IDL-000124,IDL,cs02,os01,communication,observation,288,361,2025-01-01T02:24:00.000000Z,2025-01-01T03:00:30.000000Z,2190.000000000,73,41368.847656250,38662.691406250,44723.828125000,80.000000000,0959490dcfeedeafc8e9e01f868552fc1a757f1f2924fe4d8aaab468b9881130,nearest_visible_satellite_in_each_other_domain,union,cs02,20.810672760,sampled
IDL-000125,IDL,cs02,os01,communication,observation,446,448,2025-01-01T03:43:00.000000Z,2025-01-01T03:44:00.000000Z,60.000000000,2,41719.054687500,41693.660156250,41744.449218750,80.000000000,0959490dcfeedeafc8e9e01f868552fc1a757f1f2924fe4d8aaab468b9881130,nearest_visible_satellite_in_each_other_domain,union,os01,695.555480957,sampled
IDL-000126,IDL,cs02,os01,communication,observation,472,542,2025-01-01T03:56:00.000000Z,2025-01-01T04:31:00.000000Z,2100.000000000,70,42445.562500000,41166.015625000,43704.519531250,80.000000000,0959490dcfeedeafc8e9e01f868552fc1a757f1f2924fe4d8aaab468b9881130,nearest_visible_satellite_in_each_other_domain,union,cs02,398.328887939,sampled
IDL-000127,IDL,cs02,os01,communication,observation,617,692,2025-01-01T05:08:30.000000Z,2025-01-01T05:46:00.000000Z,2250.000000000,75,42622.343750000,41316.722656250,44738.390625000,80.000000000,0959490dcfeedeafc8e9e01f868552fc1a757f1f2924fe4d8aaab468b9881130,nearest_visible_satellite_in_each_other_domain,union,both,18.715494156,sampled
IDL-000128,IDL,cs02,os01,communication,observation,797,862,2025-01-01T06:38:30.000000Z,2025-01-01T07:11:00.000000Z,1950.000000000,65,40957.015625000,38891.339843750,44686.761718750,80.000000000,0959490dcfeedeafc8e9e01f868552fc1a757f1f2924fe4d8aaab468b9881130,nearest_visible_satellite_in_each_other_domain,union,both,30.304822922,sampled
IDL-000129,IDL,cs02,os01,communication,observation,991,1052,2025-01-01T08:15:30.000000Z,2025-01-01T08:46:00.000000Z,1830.000000000,61,39542.714843750,36552.031250000,44631.070312500,80.000000000,0959490dcfeedeafc8e9e01f868552fc1a757f1f2924fe4d8aaab468b9881130,nearest_visible_satellite_in_each_other_domain,union,both,50.886703491,sampled
IDL-000130,IDL,cs02,os01,communication,observation,1186,1247,2025-01-01T09:53:00.000000Z,2025-01-01T10:23:30.000000Z,1830.000000000,61,38808.859375000,35222.675781250,44695.609375000,80.000000000,0959490dcfeedeafc8e9e01f868552fc1a757f1f2924fe4d8aaab468b9881130,nearest_visible_satellite_in_each_other_domain,union,both,21.562381744,sampled
IDL-000131,IDL,cs02,os01,communication,observation,1348,1375,2025-01-01T11:14:00.000000Z,2025-01-01T11:27:30.000000Z,810.000000000,27,37508.964843750,35706.363281250,39885.078125000,80.000000000,0959490dcfeedeafc8e9e01f868552fc1a757f1f2924fe4d8aaab468b9881130,nearest_visible_satellite_in_each_other_domain,union,os01,703.477722168,sampled
IDL-000132,IDL,cs02,os01,communication,observation,1382,1443,2025-01-01T11:31:00.000000Z,2025-01-01T12:01:30.000000Z,1830.000000000,61,38927.636718750,35323.886718750,44591.007812500,80.000000000,0959490dcfeedeafc8e9e01f868552fc1a757f1f2924fe4d8aaab468b9881130,nearest_visible_satellite_in_each_other_domain,union,cs02,66.325386047,sampled
IDL-000133,IDL,cs02,os01,communication,observation,1539,1544,2025-01-01T12:49:30.000000Z,2025-01-01T12:52:00.000000Z,150.000000000,5,40822.585937500,40457.339843750,41191.308593750,80.000000000,0959490dcfeedeafc8e9e01f868552fc1a757f1f2924fe4d8aaab468b9881130,nearest_visible_satellite_in_each_other_domain,union,os01,709.989196777,sampled
IDL-000134,IDL,cs02,os01,communication,observation,1578,1642,2025-01-01T13:09:00.000000Z,2025-01-01T13:41:00.000000Z,1920.000000000,64,40056.531250000,36823.433593750,44698.429687500,80.000000000,0959490dcfeedeafc8e9e01f868552fc1a757f1f2924fe4d8aaab468b9881130,nearest_visible_satellite_in_each_other_domain,union,cs02,20.704004288,sampled
IDL-000135,IDL,cs02,os01,communication,observation,1734,1736,2025-01-01T14:27:00.000000Z,2025-01-01T14:28:00.000000Z,60.000000000,2,41548.230468750,41489.027343750,41607.433593750,80.000000000,0959490dcfeedeafc8e9e01f868552fc1a757f1f2924fe4d8aaab468b9881130,nearest_visible_satellite_in_each_other_domain,union,os01,711.303039551,sampled
IDL-000136,IDL,cs02,os01,communication,observation,1771,1852,2025-01-01T14:45:30.000000Z,2025-01-01T15:26:00.000000Z,2430.000000000,81,41939.515625000,39252.437500000,44747.816406250,80.000000000,0959490dcfeedeafc8e9e01f868552fc1a757f1f2924fe4d8aaab468b9881130,nearest_visible_satellite_in_each_other_domain,union,cs02,4.244518280,sampled
IDL-000137,IDL,cs02,os01,communication,observation,1930,1931,2025-01-01T16:05:00.000000Z,2025-01-01T16:05:30.000000Z,30.000000000,1,41749.039062500,41749.039062500,41749.039062500,80.000000000,0959490dcfeedeafc8e9e01f868552fc1a757f1f2924fe4d8aaab468b9881130,nearest_visible_satellite_in_each_other_domain,union,os01,709.491638184,sampled
IDL-000138,IDL,cs02,os01,communication,observation,1947,2011,2025-01-01T16:13:30.000000Z,2025-01-01T16:45:30.000000Z,1920.000000000,64,42561.617187500,41540.007812500,43708.042968750,80.000000000,0959490dcfeedeafc8e9e01f868552fc1a757f1f2924fe4d8aaab468b9881130,nearest_visible_satellite_in_each_other_domain,union,cs02,380.418090820,sampled
IDL-000139,IDL,cs02,os01,communication,observation,2094,2165,2025-01-01T17:27:00.000000Z,2025-01-01T18:02:30.000000Z,2130.000000000,71,42247.582031250,40860.402343750,44700.207031250,80.000000000,0959490dcfeedeafc8e9e01f868552fc1a757f1f2924fe4d8aaab468b9881130,nearest_visible_satellite_in_each_other_domain,union,both,25.665815353,sampled
IDL-000140,IDL,cs02,os01,communication,observation,2280,2344,2025-01-01T19:00:00.000000Z,2025-01-01T19:32:00.000000Z,1920.000000000,64,40628.734375000,38313.988281250,44720.492187500,80.000000000,0959490dcfeedeafc8e9e01f868552fc1a757f1f2924fe4d8aaab468b9881130,nearest_visible_satellite_in_each_other_domain,union,both,21.645978928,sampled
IDL-000141,IDL,cs02,os01,communication,observation,2474,2535,2025-01-01T20:37:00.000000Z,2025-01-01T21:07:30.000000Z,1830.000000000,61,39268.660156250,36141.691406250,44591.410156250,80.000000000,0959490dcfeedeafc8e9e01f868552fc1a757f1f2924fe4d8aaab468b9881130,nearest_visible_satellite_in_each_other_domain,union,both,79.506996155,sampled
IDL-000142,IDL,cs02,os01,communication,observation,2659,2731,2025-01-01T22:09:30.000000Z,2025-01-01T22:45:30.000000Z,2160.000000000,72,38297.992187500,35108.156250000,44755.886718750,80.000000000,0959490dcfeedeafc8e9e01f868552fc1a757f1f2924fe4d8aaab468b9881130,nearest_visible_satellite_in_each_other_domain,union,both,8.423748016,sampled
IDL-000143,IDL,cs02,os01,communication,observation,2830,2847,2025-01-01T23:35:00.000000Z,2025-01-01T23:43:30.000000Z,510.000000000,17,38671.988281250,37235.316406250,40259.296875000,80.000000000,0959490dcfeedeafc8e9e01f868552fc1a757f1f2924fe4d8aaab468b9881130,nearest_visible_satellite_in_each_other_domain,union,os01,700.891540527,sampled
IDL-000144,IDL,cs02,os01,communication,observation,2866,2881,2025-01-01T23:53:00.000000Z,2025-01-02T00:00:00.000000Z,420.000000000,15,35769.921875000,35541.593750000,36232.582031250,80.000000000,0959490dcfeedeafc8e9e01f868552fc1a757f1f2924fe4d8aaab468b9881130,nearest_visible_satellite_in_each_other_domain,union,cs02,714.303161621,sampled
IDL-000145,IDL,cs02,os02,communication,observation,51,58,2025-01-01T00:25:30.000000Z,2025-01-01T00:29:00.000000Z,210.000000000,7,40520.402343750,39942.332031250,41107.914062500,80.000000000,0959490dcfeedeafc8e9e01f868552fc1a757f1f2924fe4d8aaab468b9881130,nearest_visible_satellite_in_each_other_domain,union,os02,699.114868164,sampled
IDL-000146,IDL,cs02,os02,communication,observation,90,94,2025-01-01T00:45:00.000000Z,2025-01-01T00:47:00.000000Z,120.000000000,4,36349.695312500,36341.417968750,36365.214843750,80.000000000,0959490dcfeedeafc8e9e01f868552fc1a757f1f2924fe4d8aaab468b9881130,nearest_visible_satellite_in_each_other_domain,union,cs02,713.883728027,sampled
IDL-000147,IDL,cs02,os02,communication,observation,246,248,2025-01-01T02:03:00.000000Z,2025-01-01T02:04:00.000000Z,60.000000000,2,41474.664062500,41405.707031250,41543.621093750,80.000000000,0959490dcfeedeafc8e9e01f868552fc1a757f1f2924fe4d8aaab468b9881130,nearest_visible_satellite_in_each_other_domain,union,os02,698.324584961,sampled
IDL-000148,IDL,cs02,os02,communication,observation,284,288,2025-01-01T02:22:00.000000Z,2025-01-01T02:24:00.000000Z,120.000000000,4,38622.585937500,38606.402343750,38643.453125000,80.000000000,0959490dcfeedeafc8e9e01f868552fc1a757f1f2924fe4d8aaab468b9881130,nearest_visible_satellite_in_each_other_domain,union,cs02,712.677307129,sampled
IDL-000149,IDL,cs02,os02,communication,observation,442,443,2025-01-01T03:41:00.000000Z,2025-01-01T03:41:30.000000Z,30.000000000,1,41723.687500000,41723.687500000,41723.687500000,80.000000000,0959490dcfeedeafc8e9e01f868552fc1a757f1f2924fe4d8aaab468b9881130,nearest_visible_satellite_in_each_other_domain,union,os02,696.138793945,sampled
IDL-000150,IDL,cs02,os02,communication,observation,468,472,2025-01-01T03:54:00.000000Z,2025-01-01T03:56:00.000000Z,120.000000000,4,41135.261718750,41118.703125000,41154.121093750,80.000000000,0959490dcfeedeafc8e9e01f868552fc1a757f1f2924fe4d8aaab468b9881130,nearest_visible_satellite_in_each_other_domain,union,cs02,707.331481934,sampled
IDL-000151,IDL,cs02,os02,communication,observation,613,617,2025-01-01T05:06:30.000000Z,2025-01-01T05:08:30.000000Z,120.000000000,4,41383.148437500,41368.199218750,41400.238281250,80.000000000,0959490dcfeedeafc8e9e01f868552fc1a757f1f2924fe4d8aaab468b9881130,nearest_visible_satellite_in_each_other_domain,union,cs02,696.086303711,sampled
IDL-000152,IDL,cs02,os02,communication,observation,637,639,2025-01-01T05:18:30.000000Z,2025-01-01T05:19:30.000000Z,60.000000000,2,41731.246093750,41711.019531250,41751.472656250,80.000000000,0959490dcfeedeafc8e9e01f868552fc1a757f1f2924fe4d8aaab468b9881130,nearest_visible_satellite_in_each_other_domain,union,os02,695.023315430,sampled
IDL-000153,IDL,cs02,os02,communication,observation,793,797,2025-01-01T06:36:30.000000Z,2025-01-01T06:38:30.000000Z,120.000000000,4,38974.718750000,38955.777343750,38997.972656250,80.000000000,0959490dcfeedeafc8e9e01f868552fc1a757f1f2924fe4d8aaab468b9881130,nearest_visible_satellite_in_each_other_domain,union,cs02,698.914245605,sampled
IDL-000154,IDL,cs02,os02,communication,observation,833,835,2025-01-01T06:56:30.000000Z,2025-01-01T06:57:30.000000Z,60.000000000,2,41553.929687500,41489.828125000,41618.035156250,80.000000000,0959490dcfeedeafc8e9e01f868552fc1a757f1f2924fe4d8aaab468b9881130,nearest_visible_satellite_in_each_other_domain,union,os02,696.905822754,sampled
IDL-000155,IDL,cs02,os02,communication,observation,986,991,2025-01-01T08:13:00.000000Z,2025-01-01T08:15:30.000000Z,150.000000000,5,36611.167968750,36595.898437500,36640.371093750,80.000000000,0959490dcfeedeafc8e9e01f868552fc1a757f1f2924fe4d8aaab468b9881130,nearest_visible_satellite_in_each_other_domain,union,cs02,699.763916016,sampled
IDL-000156,IDL,cs02,os02,communication,observation,1024,1030,2025-01-01T08:32:00.000000Z,2025-01-01T08:35:00.000000Z,180.000000000,6,40733.644531250,40263.027343750,41210.101562500,80.000000000,0959490dcfeedeafc8e9e01f868552fc1a757f1f2924fe4d8aaab468b9881130,nearest_visible_satellite_in_each_other_domain,union,os02,696.082519531,sampled
IDL-000157,IDL,cs02,os02,communication,observation,1182,1186,2025-01-01T09:51:00.000000Z,2025-01-01T09:53:00.000000Z,120.000000000,4,35243.671875000,35236.582031250,35256.312500000,80.000000000,0959490dcfeedeafc8e9e01f868552fc1a757f1f2924fe4d8aaab468b9881130,nearest_visible_satellite_in_each_other_domain,union,cs02,700.414794922,sampled
IDL-000158,IDL,cs02,os02,communication,observation,1187,1219,2025-01-01T09:53:30.000000Z,2025-01-01T10:09:30.000000Z,960.000000000,32,36896.644531250,35271.671875000,39487.093750000,80.000000000,0959490dcfeedeafc8e9e01f868552fc1a757f1f2924fe4d8aaab468b9881130,nearest_visible_satellite_in_each_other_domain,union,os02,695.883361816,sampled
IDL-000159,IDL,cs02,os02,communication,observation,1344,1372,2025-01-01T11:12:00.000000Z,2025-01-01T11:26:00.000000Z,840.000000000,28,37376.105468750,35589.859375000,39804.246093750,80.000000000,0959490dcfeedeafc8e9e01f868552fc1a757f1f2924fe4d8aaab468b9881130,nearest_visible_satellite_in_each_other_domain,union,os02,703.155883789,sampled
IDL-000160,IDL,cs02,os02,communication,observation,1378,1382,2025-01-01T11:29:00.000000Z,2025-01-01T11:31:00.000000Z,120.000000000,4,35310.218750000,35304.679687500,35318.281250000,80.000000000,0959490dcfeedeafc8e9e01f868552fc1a757f1f2924fe4d8aaab468b9881130,nearest_visible_satellite_in_each_other_domain,union,cs02,700.844055176,sampled
IDL-000161,IDL,cs02,os02,communication,observation,1534,1540,2025-01-01T12:47:00.000000Z,2025-01-01T12:50:00.000000Z,180.000000000,6,40841.371093750,40381.992187500,41306.406250000,80.000000000,0959490dcfeedeafc8e9e01f868552fc1a757f1f2924fe4d8aaab468b9881130,nearest_visible_satellite_in_each_other_domain,union,os02,709.899230957,sampled
IDL-000162,IDL,cs02,os02,communication,observation,1574,1578,2025-01-01T13:07:00.000000Z,2025-01-01T13:09:00.000000Z,120.000000000,4,36793.554687500,36778.042968750,36815.808593750,80.000000000,0959490dcfeedeafc8e9e01f868552fc1a757f1f2924fe4d8aaab468b9881130,nearest_visible_satellite_in_each_other_domain,union,cs02,701.273986816,sampled
IDL-000163,IDL,cs02,os02,communication,observation,1729,1732,2025-01-01T14:24:30.000000Z,2025-01-01T14:26:00.000000Z,90.000000000,3,41560.496093750,41440.335937500,41681.222656250,80.000000000,0959490dcfeedeafc8e9e01f868552fc1a757f1f2924fe4d8aaab468b9881130,nearest_visible_satellite_in_each_other_domain,union,os02,710.652221680,sampled
IDL-000164,IDL,cs02,os02,communication,observation,1767,1771,2025-01-01T14:43:30.000000Z,2025-01-01T14:45:30.000000Z,120.000000000,4,39215.070312500,39195.535156250,39238.664062500,80.000000000,0959490dcfeedeafc8e9e01f868552fc1a757f1f2924fe4d8aaab468b9881130,nearest_visible_satellite_in_each_other_domain,union,cs02,702.393432617,sampled
IDL-000165,IDL,cs02,os02,communication,observation,1925,1927,2025-01-01T16:02:30.000000Z,2025-01-01T16:03:30.000000Z,60.000000000,2,41752.464843750,41736.187500000,41768.742187500,80.000000000,0959490dcfeedeafc8e9e01f868552fc1a757f1f2924fe4d8aaab468b9881130,nearest_visible_satellite_in_each_other_domain,union,os02,709.084594727,sampled
IDL-000166,IDL,cs02,os02,communication,observation,1944,1947,2025-01-01T16:12:00.000000Z,2025-01-01T16:13:30.000000Z,90.000000000,3,41520.667968750,41511.976562500,41530.054687500,80.000000000,0959490dcfeedeafc8e9e01f868552fc1a757f1f2924fe4d8aaab468b9881130,nearest_visible_satellite_in_each_other_domain,union,cs02,707.316101074,sampled
IDL-000167,IDL,cs02,os02,communication,observation,2090,2094,2025-01-01T17:25:00.000000Z,2025-01-01T17:27:00.000000Z,120.000000000,4,40941.394531250,40924.335937500,40960.886718750,80.000000000,0959490dcfeedeafc8e9e01f868552fc1a757f1f2924fe4d8aaab468b9881130,nearest_visible_satellite_in_each_other_domain,union,cs02,716.851196289,sampled
IDL-000168,IDL,cs02,os02,communication,observation,2121,2123,2025-01-01T17:40:30.000000Z,2025-01-01T17:41:30.000000Z,60.000000000,2,41721.847656250,41691.011718750,41752.683593750,80.000000000,0959490dcfeedeafc8e9e01f868552fc1a757f1f2924fe4d8aaab468b9881130,nearest_visible_satellite_in_each_other_domain,union,os02,709.747253418,sampled
IDL-000169,IDL,cs02,os02,communication,observation,2276,2280,2025-01-01T18:58:00.000000Z,2025-01-01T19:00:00.000000Z,120.000000000,4,38387.558593750,38372.285156250,38407.761718750,80.000000000,0959490dcfeedeafc8e9e01f868552fc1a757f1f2924fe4d8aaab468b9881130,nearest_visible_satellite_in_each_other_domain,union,cs02,716.004211426,sampled
IDL-000170,IDL,cs02,os02,communication,observation,2316,2319,2025-01-01T19:18:00.000000Z,2025-01-01T19:19:30.000000Z,90.000000000,3,41471.710937500,41327.316406250,41616.632812500,80.000000000,0959490dcfeedeafc8e9e01f868552fc1a757f1f2924fe4d8aaab468b9881130,nearest_visible_satellite_in_each_other_domain,union,os02,712.444213867,sampled
IDL-000171,IDL,cs02,os02,communication,observation,2470,2474,2025-01-01T20:35:00.000000Z,2025-01-01T20:37:00.000000Z,120.000000000,4,36189.757812500,36179.890625000,36207.050781250,80.000000000,0959490dcfeedeafc8e9e01f868552fc1a757f1f2924fe4d8aaab468b9881130,nearest_visible_satellite_in_each_other_domain,union,cs02,715.285827637,sampled
IDL-000172,IDL,cs02,os02,communication,observation,2505,2513,2025-01-01T20:52:30.000000Z,2025-01-01T20:56:30.000000Z,240.000000000,8,40320.667968750,39640.820312500,41014.757812500,80.000000000,0959490dcfeedeafc8e9e01f868552fc1a757f1f2924fe4d8aaab468b9881130,nearest_visible_satellite_in_each_other_domain,union,os02,713.440246582,sampled
IDL-000173,IDL,cs02,os02,communication,observation,2656,2698,2025-01-01T22:08:00.000000Z,2025-01-01T22:29:00.000000Z,1260.000000000,42,36043.832031250,35116.460937500,38488.144531250,80.000000000,0959490dcfeedeafc8e9e01f868552fc1a757f1f2924fe4d8aaab468b9881130,nearest_visible_satellite_in_each_other_domain,union,both,711.922485352,sampled
IDL-000174,IDL,cs02,os02,communication,observation,2825,2844,2025-01-01T23:32:30.000000Z,2025-01-01T23:42:00.000000Z,570.000000000,19,38605.968750000,37015.910156250,40392.335937500,80.000000000,0959490dcfeedeafc8e9e01f868552fc1a757f1f2924fe4d8aaab468b9881130,nearest_visible_satellite_in_each_other_domain,union,os02,700.685058594,sampled
IDL-000175,IDL,cs02,os02,communication,observation,2862,2866,2025-01-01T23:51:00.000000Z,2025-01-01T23:53:00.000000Z,120.000000000,4,35525.304687500,35517.058593750,35541.777343750,80.000000000,0959490dcfeedeafc8e9e01f868552fc1a757f1f2924fe4d8aaab468b9881130,nearest_visible_satellite_in_each_other_domain,union,cs02,714.406494141,sampled
IDL-000176,IDL,cs02,os03,communication,observation,47,54,2025-01-01T00:23:30.000000Z,2025-01-01T00:27:00.000000Z,210.000000000,7,40442.273437500,39863.304687500,41031.039062500,80.000000000,0959490dcfeedeafc8e9e01f868552fc1a757f1f2924fe4d8aaab468b9881130,nearest_visible_satellite_in_each_other_domain,union,os03,699.234985352,sampled
IDL-000177,IDL,cs02,os03,communication,observation,86,90,2025-01-01T00:43:00.000000Z,2025-01-01T00:45:00.000000Z,120.000000000,4,36312.402343750,36300.644531250,36331.441406250,80.000000000,0959490dcfeedeafc8e9e01f868552fc1a757f1f2924fe4d8aaab468b9881130,nearest_visible_satellite_in_each_other_domain,union,cs02,713.998413086,sampled
IDL-000178,IDL,cs02,os03,communication,observation,241,244,2025-01-01T02:00:30.000000Z,2025-01-01T02:02:00.000000Z,90.000000000,3,41489.203125000,41349.656250000,41629.289062500,80.000000000,0959490dcfeedeafc8e9e01f868552fc1a757f1f2924fe4d8aaab468b9881130,nearest_visible_satellite_in_each_other_domain,union,os03,697.903015137,sampled
IDL-000179,IDL,cs02,os03,communication,observation,280,284,2025-01-01T02:20:00.000000Z,2025-01-01T02:22:00.000000Z,120.000000000,4,38568.527343750,38550.562500000,38591.222656250,80.000000000,0959490dcfeedeafc8e9e01f868552fc1a757f1f2924fe4d8aaab468b9881130,nearest_visible_satellite_in_each_other_domain,union,cs02,712.808776855,sampled
IDL-000180,IDL,cs02,os03,communication,observation,437,439,2025-01-01T03:38:30.000000Z,2025-01-01T03:39:30.000000Z,60.000000000,2,41729.371093750,41701.632812500,41757.109375000,80.000000000,0959490dcfeedeafc8e9e01f868552fc1a757f1f2924fe4d8aaab468b9881130,nearest_visible_satellite_in_each_other_domain,union,os03,695.180908203,sampled
IDL-000181,IDL,cs02,os03,communication,observation,465,468,2025-01-01T03:52:30.000000Z,2025-01-01T03:54:00.000000Z,90.000000000,3,41091.796875000,41079.671875000,41104.695312500,80.000000000,0959490dcfeedeafc8e9e01f868552fc1a757f1f2924fe4d8aaab468b9881130,nearest_visible_satellite_in_each_other_domain,union,cs02,707.914550781,sampled
IDL-000182,IDL,cs02,os03,communication,observation,610,613,2025-01-01T05:05:00.000000Z,2025-01-01T05:06:30.000000Z,90.000000000,3,41419.058593750,41409.003906250,41429.820312500,80.000000000,0959490dcfeedeafc8e9e01f868552fc1a757f1f2924fe4d8aaab468b9881130,nearest_visible_satellite_in_each_other_domain,union,cs02,696.054748535,sampled
IDL-000183,IDL,cs02,os03,communication,observation,633,635,2025-01-01T05:16:30.000000Z,2025-01-01T05:17:30.000000Z,60.000000000,2,41747.328125000,41727.792968750,41766.863281250,80.000000000,0959490dcfeedeafc8e9e01f868552fc1a757f1f2924fe4d8aaab468b9881130,nearest_visible_satellite_in_each_other_domain,union,os03,694.690673828,sampled
IDL-000184,IDL,cs02,os03,communication,observation,789,793,2025-01-01T06:34:30.000000Z,2025-01-01T06:36:30.000000Z,120.000000000,4,39029.875000000,39012.414062500,39051.609375000,80.000000000,0959490dcfeedeafc8e9e01f868552fc1a757f1f2924fe4d8aaab468b9881130,nearest_visible_satellite_in_each_other_domain,union,cs02,698.830200195,sampled
IDL-000185,IDL,cs02,os03,communication,observation,828,831,2025-01-01T06:54:00.000000Z,2025-01-01T06:55:30.000000Z,90.000000000,3,41541.207031250,41415.304687500,41667.675781250,80.000000000,0959490dcfeedeafc8e9e01f868552fc1a757f1f2924fe4d8aaab468b9881130,nearest_visible_satellite_in_each_other_domain,union,os03,696.425903320,sampled
IDL-000186,IDL,cs02,os03,communication,observation,982,986,2025-01-01T08:11:00.000000Z,2025-01-01T08:13:00.000000Z,120.000000000,4,36654.554687500,36639.429687500,36676.585937500,80.000000000,0959490dcfeedeafc8e9e01f868552fc1a757f1f2924fe4d8aaab468b9881130,nearest_visible_satellite_in_each_other_domain,union,cs02,699.898559570,sampled
IDL-000187,IDL,cs02,os03,communication,observation,1020,1025,2025-01-01T08:30:00.000000Z,2025-01-01T08:32:30.000000Z,150.000000000,5,40714.320312500,40339.945312500,41092.277343750,80.000000000,0959490dcfeedeafc8e9e01f868552fc1a757f1f2924fe4d8aaab468b9881130,nearest_visible_satellite_in_each_other_domain,union,os03,696.114318848,sampled
IDL-000188,IDL,cs02,os03,communication,observation,1178,1182,2025-01-01T09:49:00.000000Z,2025-01-01T09:51:00.000000Z,120.000000000,4,35257.820312500,35252.175781250,35266.136718750,80.000000000,0959490dcfeedeafc8e9e01f868552fc1a757f1f2924fe4d8aaab468b9881130,nearest_visible_satellite_in_each_other_domain,union,cs02,700.324462891,sampled
IDL-000189,IDL,cs02,os03,communication,observation,1184,1215,2025-01-01T09:52:00.000000Z,2025-01-01T10:07:30.000000Z,930.000000000,31,37008.105468750,35327.480468750,39566.984375000,80.000000000,0959490dcfeedeafc8e9e01f868552fc1a757f1f2924fe4d8aaab468b9881130,nearest_visible_satellite_in_each_other_domain,union,os03,695.883300781,sampled
IDL-000190,IDL,cs02,os03,communication,observation,1340,1369,2025-01-01T11:10:00.000000Z,2025-01-01T11:24:30.000000Z,870.000000000,29,37248.304687500,35487.953125000,39723.640625000,80.000000000,0959490dcfeedeafc8e9e01f868552fc1a757f1f2924fe4d8aaab468b9881130,nearest_visible_satellite_in_each_other_domain,union,os03,702.833190918,sampled
IDL-000191,IDL,cs02,os03,communication,observation,1374,1378,2025-01-01T11:27:00.000000Z,2025-01-01T11:29:00.000000Z,120.000000000,4,35293.796875000,35286.828125000,35306.148437500,80.000000000,0959490dcfeedeafc8e9e01f868552fc1a757f1f2924fe4d8aaab468b9881130,nearest_visible_satellite_in_each_other_domain,union,cs02,700.753112793,sampled
IDL-000192,IDL,cs02,os03,communication,observation,1530,1535,2025-01-01T12:45:00.000000Z,2025-01-01T12:47:30.000000Z,150.000000000,5,40859.058593750,40487.902343750,41233.531250000,80.000000000,0959490dcfeedeafc8e9e01f868552fc1a757f1f2924fe4d8aaab468b9881130,nearest_visible_satellite_in_each_other_domain,union,os03,710.037170410,sampled
IDL-000193,IDL,cs02,os03,communication,observation,1569,1574,2025-01-01T13:04:30.000000Z,2025-01-01T13:07:00.000000Z,150.000000000,5,36748.515625000,36732.644531250,36777.980468750,80.000000000,0959490dcfeedeafc8e9e01f868552fc1a757f1f2924fe4d8aaab468b9881130,nearest_visible_satellite_in_each_other_domain,union,cs02,701.182739258,sampled
IDL-000194,IDL,cs02,os03,communication,observation,1725,1727,2025-01-01T14:22:30.000000Z,2025-01-01T14:23:30.000000Z,60.000000000,2,41572.558593750,41511.308593750,41633.808593750,80.000000000,0959490dcfeedeafc8e9e01f868552fc1a757f1f2924fe4d8aaab468b9881130,nearest_visible_satellite_in_each_other_domain,union,os03,711.205383301,sampled
IDL-000195,IDL,cs02,os03,communication,observation,1763,1767,2025-01-01T14:41:30.000000Z,2025-01-01T14:43:30.000000Z,120.000000000,4,39159.761718750,39138.882812500,39184.750000000,80.000000000,0959490dcfeedeafc8e9e01f868552fc1a757f1f2924fe4d8aaab468b9881130,nearest_visible_satellite_in_each_other_domain,union,cs02,702.302124023,sampled
IDL-000196,IDL,cs02,os03,communication,observation,1921,1923,2025-01-01T16:00:30.000000Z,2025-01-01T16:01:30.000000Z,60.000000000,2,41738.988281250,41722.015625000,41755.960937500,80.000000000,0959490dcfeedeafc8e9e01f868552fc1a757f1f2924fe4d8aaab468b9881130,nearest_visible_satellite_in_each_other_domain,union,os03,709.352661133,sampled
IDL-000197,IDL,cs02,os03,communication,observation,1940,1944,2025-01-01T16:10:00.000000Z,2025-01-01T16:12:00.000000Z,120.000000000,4,41488.625000000,41475.972656250,41503.363281250,80.000000000,0959490dcfeedeafc8e9e01f868552fc1a757f1f2924fe4d8aaab468b9881130,nearest_visible_satellite_in_each_other_domain,union,cs02,707.005004883,sampled
IDL-000198,IDL,cs02,os03,communication,observation,2086,2090,2025-01-01T17:23:00.000000Z,2025-01-01T17:25:00.000000Z,120.000000000,4,40992.339843750,40974.781250000,41012.285156250,80.000000000,0959490dcfeedeafc8e9e01f868552fc1a757f1f2924fe4d8aaab468b9881130,nearest_visible_satellite_in_each_other_domain,union,cs02,716.834533691,sampled
IDL-000199,IDL,cs02,os03,communication,observation,2117,2118,2025-01-01T17:38:30.000000Z,2025-01-01T17:39:00.000000Z,30.000000000,1,41715.519531250,41715.519531250,41715.519531250,80.000000000,0959490dcfeedeafc8e9e01f868552fc1a757f1f2924fe4d8aaab468b9881130,nearest_visible_satellite_in_each_other_domain,union,os03,710.765075684,sampled
IDL-000200,IDL,cs02,os03,communication,observation,2271,2276,2025-01-01T18:55:30.000000Z,2025-01-01T18:58:00.000000Z,150.000000000,5,38449.062500000,38427.980468750,38479.855468750,80.000000000,0959490dcfeedeafc8e9e01f868552fc1a757f1f2924fe4d8aaab468b9881130,nearest_visible_satellite_in_each_other_domain,union,cs02,715.906433105,sampled
IDL-000201,IDL,cs02,os03,communication,observation,2312,2314,2025-01-01T19:16:00.000000Z,2025-01-01T19:17:00.000000Z,60.000000000,2,41456.531250000,41385.128906250,41527.929687500,80.000000000,0959490dcfeedeafc8e9e01f868552fc1a757f1f2924fe4d8aaab468b9881130,nearest_visible_satellite_in_each_other_domain,union,os03,712.758361816,sampled
IDL-000202,IDL,cs02,os03,communication,observation,2466,2470,2025-01-01T20:33:00.000000Z,2025-01-01T20:35:00.000000Z,120.000000000,4,36225.699218750,36218.664062500,36239.390625000,80.000000000,0959490dcfeedeafc8e9e01f868552fc1a757f1f2924fe4d8aaab468b9881130,nearest_visible_satellite_in_each_other_domain,union,cs02,715.368469238,sampled
IDL-000203,IDL,cs02,os03,communication,observation,2501,2508,2025-01-01T20:50:30.000000Z,2025-01-01T20:54:00.000000Z,210.000000000,7,40300.472656250,39720.328125000,40890.992187500,80.000000000,0959490dcfeedeafc8e9e01f868552fc1a757f1f2924fe4d8aaab468b9881130,nearest_visible_satellite_in_each_other_domain,union,os03,713.568481445,sampled
IDL-000204,IDL,cs02,os03,communication,observation,2653,2694,2025-01-01T22:06:30.000000Z,2025-01-01T22:27:00.000000Z,1230.000000000,41,36084.621093750,35123.707031250,38561.621093750,80.000000000,0959490dcfeedeafc8e9e01f868552fc1a757f1f2924fe4d8aaab468b9881130,nearest_visible_satellite_in_each_other_domain,union,both,712.399047852,sampled
IDL-000205,IDL,cs02,os03,communication,observation,2821,2841,2025-01-01T23:30:30.000000Z,2025-01-01T23:40:30.000000Z,600.000000000,20,38442.914062500,36806.371093750,40310.695312500,80.000000000,0959490dcfeedeafc8e9e01f868552fc1a757f1f2924fe4d8aaab468b9881130,nearest_visible_satellite_in_each_other_domain,union,os03,700.819763184,sampled
IDL-000206,IDL,cs02,os03,communication,observation,2857,2862,2025-01-01T23:48:30.000000Z,2025-01-01T23:51:00.000000Z,150.000000000,5,35502.378906250,35491.386718750,35524.339843750,80.000000000,0959490dcfeedeafc8e9e01f868552fc1a757f1f2924fe4d8aaab468b9881130,nearest_visible_satellite_in_each_other_domain,union,cs02,714.248779297,sampled
IDL-000207,IDL,cs02,os04,communication,observation,43,50,2025-01-01T00:21:30.000000Z,2025-01-01T00:25:00.000000Z,210.000000000,7,40363.781250000,39784.046875000,40953.687500000,80.000000000,0959490dcfeedeafc8e9e01f868552fc1a757f1f2924fe4d8aaab468b9881130,nearest_visible_satellite_in_each_other_domain,union,os04,699.356933594,sampled
IDL-000208,IDL,cs02,os04,communication,observation,81,86,2025-01-01T00:40:30.000000Z,2025-01-01T00:43:00.000000Z,150.000000000,5,36273.781250000,36261.140625000,36299.035156250,80.000000000,0959490dcfeedeafc8e9e01f868552fc1a757f1f2924fe4d8aaab468b9881130,nearest_visible_satellite_in_each_other_domain,union,cs02,713.823425293,sampled
IDL-000209,IDL,cs02,os04,communication,observation,237,240,2025-01-01T01:58:30.000000Z,2025-01-01T02:00:00.000000Z,90.000000000,3,41433.246093750,41292.613281250,41574.429687500,80.000000000,0959490dcfeedeafc8e9e01f868552fc1a757f1f2924fe4d8aaab468b9881130,nearest_visible_satellite_in_each_other_domain,union,os04,698.266235352,sampled
IDL-000210,IDL,cs02,os04,communication,observation,276,280,2025-01-01T02:18:00.000000Z,2025-01-01T02:20:00.000000Z,120.000000000,4,38515.007812500,38495.199218750,38539.601562500,80.000000000,0959490dcfeedeafc8e9e01f868552fc1a757f1f2924fe4d8aaab468b9881130,nearest_visible_satellite_in_each_other_domain,union,cs02,712.938659668,sampled
IDL-000211,IDL,cs02,os04,communication,observation,433,435,2025-01-01T03:36:30.000000Z,2025-01-01T03:37:30.000000Z,60.000000000,2,41706.703125000,41678.285156250,41735.121093750,80.000000000,0959490dcfeedeafc8e9e01f868552fc1a757f1f2924fe4d8aaab468b9881130,nearest_visible_satellite_in_each_other_domain,union,os04,695.828735352,sampled
IDL-000212,IDL,cs02,os04,communication,observation,461,465,2025-01-01T03:50:30.000000Z,2025-01-01T03:52:30.000000Z,120.000000000,4,41049.218750000,41030.480468750,41070.296875000,80.000000000,0959490dcfeedeafc8e9e01f868552fc1a757f1f2924fe4d8aaab468b9881130,nearest_visible_satellite_in_each_other_domain,union,cs02,708.079223633,sampled
IDL-000213,IDL,cs02,os04,communication,observation,606,610,2025-01-01T05:03:00.000000Z,2025-01-01T05:05:00.000000Z,120.000000000,4,41455.019531250,41440.796875000,41471.343750000,80.000000000,0959490dcfeedeafc8e9e01f868552fc1a757f1f2924fe4d8aaab468b9881130,nearest_visible_satellite_in_each_other_domain,union,cs02,695.959228516,sampled
IDL-000214,IDL,cs02,os04,communication,observation,629,630,2025-01-01T05:14:30.000000Z,2025-01-01T05:15:00.000000Z,30.000000000,1,41743.250000000,41743.250000000,41743.250000000,80.000000000,0959490dcfeedeafc8e9e01f868552fc1a757f1f2924fe4d8aaab468b9881130,nearest_visible_satellite_in_each_other_domain,union,os04,695.190795898,sampled
IDL-000215,IDL,cs02,os04,communication,observation,784,789,2025-01-01T06:32:00.000000Z,2025-01-01T06:34:30.000000Z,150.000000000,5,39093.550781250,39069.351562500,39126.136718750,80.000000000,0959490dcfeedeafc8e9e01f868552fc1a757f1f2924fe4d8aaab468b9881130,nearest_visible_satellite_in_each_other_domain,union,cs02,698.746704102,sampled
IDL-000216,IDL,cs02,os04,communication,observation,824,826,2025-01-01T06:52:00.000000Z,2025-01-01T06:53:00.000000Z,60.000000000,2,41528.289062500,41466.199218750,41590.378906250,80.000000000,0959490dcfeedeafc8e9e01f868552fc1a757f1f2924fe4d8aaab468b9881130,nearest_visible_satellite_in_each_other_domain,union,os04,696.896301270,sampled
IDL-000217,IDL,cs02,os04,communication,observation,978,982,2025-01-01T08:09:00.000000Z,2025-01-01T08:11:00.000000Z,120.000000000,4,36695.335937500,36683.468750000,36714.070312500,80.000000000,0959490dcfeedeafc8e9e01f868552fc1a757f1f2924fe4d8aaab468b9881130,nearest_visible_satellite_in_each_other_domain,union,cs02,699.809570312,sampled
IDL-000218,IDL,cs02,os04,communication,observation,1016,1021,2025-01-01T08:28:00.000000Z,2025-01-01T08:30:30.000000Z,150.000000000,5,40789.773437500,40416.429687500,41166.566406250,80.000000000,0959490dcfeedeafc8e9e01f868552fc1a757f1f2924fe4d8aaab468b9881130,nearest_visible_satellite_in_each_other_domain,union,os04,696.148315430,sampled
IDL-000219,IDL,cs02,os04,communication,observation,1173,1178,2025-01-01T09:46:30.000000Z,2025-01-01T09:49:00.000000Z,150.000000000,5,35277.835937500,35269.257812500,35294.617187500,80.000000000,0959490dcfeedeafc8e9e01f868552fc1a757f1f2924fe4d8aaab468b9881130,nearest_visible_satellite_in_each_other_domain,union,cs02,700.234375000,sampled
IDL-000220,IDL,cs02,os04,communication,observation,1181,1211,2025-01-01T09:50:30.000000Z,2025-01-01T10:05:30.000000Z,900.000000000,30,37125.242187500,35398.906250000,39647.203125000,80.000000000,0959490dcfeedeafc8e9e01f868552fc1a757f1f2924fe4d8aaab468b9881130,nearest_visible_satellite_in_each_other_domain,union,os04,695.882873535,sampled
IDL-000221,IDL,cs02,os04,communication,observation,1336,1366,2025-01-01T11:08:00.000000Z,2025-01-01T11:23:00.000000Z,900.000000000,30,37125.785156250,35401.023437500,39643.296875000,80.000000000,0959490dcfeedeafc8e9e01f868552fc1a757f1f2924fe4d8aaab468b9881130,nearest_visible_satellite_in_each_other_domain,union,os04,702.509826660,sampled
IDL-000222,IDL,cs02,os04,communication,observation,1369,1374,2025-01-01T11:24:30.000000Z,2025-01-01T11:27:00.000000Z,150.000000000,5,35279.214843750,35270.636718750,35295.707031250,80.000000000,0959490dcfeedeafc8e9e01f868552fc1a757f1f2924fe4d8aaab468b9881130,nearest_visible_satellite_in_each_other_domain,union,cs02,700.662353516,sampled
IDL-000223,IDL,cs02,os04,communication,observation,1526,1531,2025-01-01T12:43:00.000000Z,2025-01-01T12:45:30.000000Z,150.000000000,5,40784.308593750,40412.042968750,41160.019531250,80.000000000,0959490dcfeedeafc8e9e01f868552fc1a757f1f2924fe4d8aaab468b9881130,nearest_visible_satellite_in_each_other_domain,union,os04,709.947204590,sampled
IDL-000224,IDL,cs02,os04,communication,observation,1565,1569,2025-01-01T13:02:30.000000Z,2025-01-01T13:04:30.000000Z,120.000000000,4,36699.101562500,36687.398437500,36717.664062500,80.000000000,0959490dcfeedeafc8e9e01f868552fc1a757f1f2924fe4d8aaab468b9881130,nearest_visible_satellite_in_each_other_domain,union,cs02,701.321289062,sampled
IDL-000225,IDL,cs02,os04,communication,observation,1721,1723,2025-01-01T14:20:30.000000Z,2025-01-01T14:21:30.000000Z,60.000000000,2,41523.445312500,41461.605468750,41585.285156250,80.000000000,0959490dcfeedeafc8e9e01f868552fc1a757f1f2924fe4d8aaab468b9881130,nearest_visible_satellite_in_each_other_domain,union,os04,711.261169434,sampled
IDL-000226,IDL,cs02,os04,communication,observation,1758,1763,2025-01-01T14:39:00.000000Z,2025-01-01T14:41:30.000000Z,150.000000000,5,39098.773437500,39074.648437500,39131.250000000,80.000000000,0959490dcfeedeafc8e9e01f868552fc1a757f1f2924fe4d8aaab468b9881130,nearest_visible_satellite_in_each_other_domain,union,cs02,702.210754395,sampled
IDL-000227,IDL,cs02,os04,communication,observation,1917,1918,2025-01-01T15:58:30.000000Z,2025-01-01T15:59:00.000000Z,30.000000000,1,41741.855468750,41741.855468750,41741.855468750,80.000000000,0959490dcfeedeafc8e9e01f868552fc1a757f1f2924fe4d8aaab468b9881130,nearest_visible_satellite_in_each_other_domain,union,os04,709.631225586,sampled
IDL-000228,IDL,cs02,os04,communication,observation,1937,1940,2025-01-01T16:08:30.000000Z,2025-01-01T16:10:00.000000Z,90.000000000,3,41453.972656250,41445.042968750,41463.613281250,80.000000000,0959490dcfeedeafc8e9e01f868552fc1a757f1f2924fe4d8aaab468b9881130,nearest_visible_satellite_in_each_other_domain,union,cs02,706.916870117,sampled
IDL-000229,IDL,cs02,os04,communication,observation,2082,2086,2025-01-01T17:21:00.000000Z,2025-01-01T17:23:00.000000Z,120.000000000,4,41042.726562500,41024.617187500,41063.183593750,80.000000000,0959490dcfeedeafc8e9e01f868552fc1a757f1f2924fe4d8aaab468b9881130,nearest_visible_satellite_in_each_other_domain,union,cs02,716.816101074,sampled
IDL-000230,IDL,cs02,os04,communication,observation,2112,2114,2025-01-01T17:36:00.000000Z,2025-01-01T17:37:00.000000Z,60.000000000,2,41710.230468750,41681.714843750,41738.746093750,80.000000000,0959490dcfeedeafc8e9e01f868552fc1a757f1f2924fe4d8aaab468b9881130,nearest_visible_satellite_in_each_other_domain,union,os04,710.146423340,sampled
IDL-000231,IDL,cs02,os04,communication,observation,2267,2271,2025-01-01T18:53:30.000000Z,2025-01-01T18:55:30.000000Z,120.000000000,4,38507.441406250,38488.656250000,38531.011718750,80.000000000,0959490dcfeedeafc8e9e01f868552fc1a757f1f2924fe4d8aaab468b9881130,nearest_visible_satellite_in_each_other_domain,union,cs02,715.971557617,sampled
IDL-000232,IDL,cs02,os04,communication,observation,2307,2310,2025-01-01T19:13:30.000000Z,2025-01-01T19:15:00.000000Z,90.000000000,3,41442.503906250,41301.890625000,41583.671875000,80.000000000,0959490dcfeedeafc8e9e01f868552fc1a757f1f2924fe4d8aaab468b9881130,nearest_visible_satellite_in_each_other_domain,union,os04,712.649230957,sampled
IDL-000233,IDL,cs02,os04,communication,observation,2461,2466,2025-01-01T20:30:30.000000Z,2025-01-01T20:33:00.000000Z,150.000000000,5,36268.792968750,36257.132812500,36292.078125000,80.000000000,0959490dcfeedeafc8e9e01f868552fc1a757f1f2924fe4d8aaab468b9881130,nearest_visible_satellite_in_each_other_domain,union,cs02,715.242309570,sampled
IDL-000234,IDL,cs02,os04,communication,observation,2497,2504,2025-01-01T20:48:30.000000Z,2025-01-01T20:52:00.000000Z,210.000000000,7,40379.125000000,39799.652343750,40968.609375000,80.000000000,0959490dcfeedeafc8e9e01f868552fc1a757f1f2924fe4d8aaab468b9881130,nearest_visible_satellite_in_each_other_domain,union,os04,713.485046387,sampled
IDL-000235,IDL,cs02,os04,communication,observation,2650,2691,2025-01-01T22:05:00.000000Z,2025-01-01T22:25:30.000000Z,1230.000000000,41,36198.316406250,35132.671875000,38841.539062500,80.000000000,0959490dcfeedeafc8e9e01f868552fc1a757f1f2924fe4d8aaab468b9881130,nearest_visible_satellite_in_each_other_domain,union,both,712.856567383,sampled
IDL-000236,IDL,cs02,os04,communication,observation,2817,2837,2025-01-01T23:28:30.000000Z,2025-01-01T23:38:30.000000Z,600.000000000,20,38366.976562500,36741.035156250,40229.054687500,80.000000000,0959490dcfeedeafc8e9e01f868552fc1a757f1f2924fe4d8aaab468b9881130,nearest_visible_satellite_in_each_other_domain,union,os04,700.956054688,sampled
IDL-000237,IDL,cs02,os04,communication,observation,2853,2857,2025-01-01T23:46:30.000000Z,2025-01-01T23:48:30.000000Z,120.000000000,4,35474.175781250,35467.289062500,35486.519531250,80.000000000,0959490dcfeedeafc8e9e01f868552fc1a757f1f2924fe4d8aaab468b9881130,nearest_visible_satellite_in_each_other_domain,union,cs02,714.353149414,sampled
IDL-000238,IDL,cs02,os05,communication,observation,20,81,2025-01-01T00:10:00.000000Z,2025-01-01T00:40:30.000000Z,1830.000000000,61,39392.031250000,36222.664062500,44701.046875000,80.000000000,0959490dcfeedeafc8e9e01f868552fc1a757f1f2924fe4d8aaab468b9881130,nearest_visible_satellite_in_each_other_domain,union,both,18.102781296,sampled
IDL-000239,IDL,cs02,os05,communication,observation,212,276,2025-01-01T01:46:00.000000Z,2025-01-01T02:18:00.000000Z,1920.000000000,64,40636.890625000,38432.550781250,44624.746093750,80.000000000,0959490dcfeedeafc8e9e01f868552fc1a757f1f2924fe4d8aaab468b9881130,nearest_visible_satellite_in_each_other_domain,union,both,50.743682861,sampled
IDL-000240,IDL,cs02,os05,communication,observation,389,461,2025-01-01T03:14:30.000000Z,2025-01-01T03:50:30.000000Z,2160.000000000,72,42312.195312500,40963.320312500,44701.183593750,80.000000000,0959490dcfeedeafc8e9e01f868552fc1a757f1f2924fe4d8aaab468b9881130,nearest_visible_satellite_in_each_other_domain,union,both,19.701185226,sampled
IDL-000241,IDL,cs02,os05,communication,observation,542,606,2025-01-01T04:31:00.000000Z,2025-01-01T05:03:00.000000Z,1920.000000000,64,42541.820312500,41478.804687500,43690.339843750,80.000000000,0959490dcfeedeafc8e9e01f868552fc1a757f1f2924fe4d8aaab468b9881130,nearest_visible_satellite_in_each_other_domain,union,cs02,398.265411377,sampled
IDL-000242,IDL,cs02,os05,communication,observation,624,626,2025-01-01T05:12:00.000000Z,2025-01-01T05:13:00.000000Z,60.000000000,2,41740.226562500,41723.070312500,41757.386718750,80.000000000,0959490dcfeedeafc8e9e01f868552fc1a757f1f2924fe4d8aaab468b9881130,nearest_visible_satellite_in_each_other_domain,union,os05,694.908874512,sampled
IDL-000243,IDL,cs02,os05,communication,observation,706,784,2025-01-01T05:53:00.000000Z,2025-01-01T06:32:00.000000Z,2340.000000000,78,41823.542968750,39133.585937500,44750.312500000,80.000000000,0959490dcfeedeafc8e9e01f868552fc1a757f1f2924fe4d8aaab468b9881130,nearest_visible_satellite_in_each_other_domain,union,cs02,14.542685509,sampled
IDL-000244,IDL,cs02,os05,communication,observation,820,822,2025-01-01T06:50:00.000000Z,2025-01-01T06:51:00.000000Z,60.000000000,2,41577.515625000,41516.019531250,41639.015625000,80.000000000,0959490dcfeedeafc8e9e01f868552fc1a757f1f2924fe4d8aaab468b9881130,nearest_visible_satellite_in_each_other_domain,union,os05,696.748901367,sampled
IDL-000245,IDL,cs02,os05,communication,observation,914,978,2025-01-01T07:37:00.000000Z,2025-01-01T08:09:00.000000Z,1920.000000000,64,39964.886718750,36728.640625000,44677.011718750,80.000000000,0959490dcfeedeafc8e9e01f868552fc1a757f1f2924fe4d8aaab468b9881130,nearest_visible_satellite_in_each_other_domain,union,cs02,44.354358673,sampled
IDL-000246,IDL,cs02,os05,communication,observation,1012,1017,2025-01-01T08:26:00.000000Z,2025-01-01T08:28:30.000000Z,150.000000000,5,40864.691406250,40492.453125000,41240.246093750,80.000000000,0959490dcfeedeafc8e9e01f868552fc1a757f1f2924fe4d8aaab468b9881130,nearest_visible_satellite_in_each_other_domain,union,os05,696.184570312,sampled
IDL-000247,IDL,cs02,os05,communication,observation,1112,1173,2025-01-01T09:16:00.000000Z,2025-01-01T09:46:30.000000Z,1830.000000000,61,39012.066406250,35285.335937500,44726.828125000,80.000000000,0959490dcfeedeafc8e9e01f868552fc1a757f1f2924fe4d8aaab468b9881130,nearest_visible_satellite_in_each_other_domain,union,cs02,21.914772034,sampled
IDL-000248,IDL,cs02,os05,communication,observation,1178,1207,2025-01-01T09:49:00.000000Z,2025-01-01T10:03:30.000000Z,870.000000000,29,37247.867187500,35485.671875000,39727.714843750,80.000000000,0959490dcfeedeafc8e9e01f868552fc1a757f1f2924fe4d8aaab468b9881130,nearest_visible_satellite_in_each_other_domain,union,os05,695.881774902,sampled
IDL-000249,IDL,cs02,os05,communication,observation,1309,1369,2025-01-01T10:54:30.000000Z,2025-01-01T11:24:30.000000Z,1800.000000000,60,38831.929687500,35253.589843750,44620.175781250,80.000000000,0959490dcfeedeafc8e9e01f868552fc1a757f1f2924fe4d8aaab468b9881130,nearest_visible_satellite_in_each_other_domain,union,both,68.526786804,sampled
IDL-000250,IDL,cs02,os05,communication,observation,1503,1565,2025-01-01T12:31:30.000000Z,2025-01-01T13:02:30.000000Z,1860.000000000,62,39624.199218750,36643.281250000,44722.906250000,80.000000000,0959490dcfeedeafc8e9e01f868552fc1a757f1f2924fe4d8aaab468b9881130,nearest_visible_satellite_in_each_other_domain,union,both,24.704101562,sampled
IDL-000251,IDL,cs02,os05,communication,observation,1693,1758,2025-01-01T14:06:30.000000Z,2025-01-01T14:39:00.000000Z,1950.000000000,65,41055.011718750,39013.144531250,44702.914062500,80.000000000,0959490dcfeedeafc8e9e01f868552fc1a757f1f2924fe4d8aaab468b9881130,nearest_visible_satellite_in_each_other_domain,union,both,35.341300964,sampled
IDL-000252,IDL,cs02,os05,communication,observation,1860,1937,2025-01-01T15:30:00.000000Z,2025-01-01T16:08:30.000000Z,2310.000000000,77,42712.921875000,41397.160156250,44762.984375000,80.000000000,0959490dcfeedeafc8e9e01f868552fc1a757f1f2924fe4d8aaab468b9881130,nearest_visible_satellite_in_each_other_domain,union,both,7.596127510,sampled
IDL-000253,IDL,cs02,os05,communication,observation,2011,2082,2025-01-01T16:45:30.000000Z,2025-01-01T17:21:00.000000Z,2130.000000000,71,42419.765625000,41073.820312500,43718.664062500,80.000000000,0959490dcfeedeafc8e9e01f868552fc1a757f1f2924fe4d8aaab468b9881130,nearest_visible_satellite_in_each_other_domain,union,cs02,379.177734375,sampled
IDL-000254,IDL,cs02,os05,communication,observation,2108,2110,2025-01-01T17:34:00.000000Z,2025-01-01T17:35:00.000000Z,60.000000000,2,41732.843750000,41705.007812500,41760.679687500,80.000000000,0959490dcfeedeafc8e9e01f868552fc1a757f1f2924fe4d8aaab468b9881130,nearest_visible_satellite_in_each_other_domain,union,os05,709.487792969,sampled
IDL-000255,IDL,cs02,os05,communication,observation,2196,2267,2025-01-01T18:18:00.000000Z,2025-01-01T18:53:30.000000Z,2130.000000000,71,41258.960937500,38544.167968750,44681.031250000,80.000000000,0959490dcfeedeafc8e9e01f868552fc1a757f1f2924fe4d8aaab468b9881130,nearest_visible_satellite_in_each_other_domain,union,cs02,26.282327652,sampled
IDL-000256,IDL,cs02,os05,communication,observation,2303,2305,2025-01-01T19:11:30.000000Z,2025-01-01T19:12:30.000000Z,60.000000000,2,41428.296875000,41358.796875000,41497.796875000,80.000000000,0959490dcfeedeafc8e9e01f868552fc1a757f1f2924fe4d8aaab468b9881130,nearest_visible_satellite_in_each_other_domain,union,os05,712.804809570,sampled
IDL-000257,IDL,cs02,os05,communication,observation,2398,2461,2025-01-01T19:59:00.000000Z,2025-01-01T20:30:30.000000Z,1890.000000000,63,39706.484375000,36296.894531250,44716.921875000,80.000000000,0959490dcfeedeafc8e9e01f868552fc1a757f1f2924fe4d8aaab468b9881130,nearest_visible_satellite_in_each_other_domain,union,cs02,11.492048264,sampled
IDL-000258,IDL,cs02,os05,communication,observation,2493,2500,2025-01-01T20:46:30.000000Z,2025-01-01T20:50:00.000000Z,210.000000000,7,40457.449218750,39878.769531250,41045.777343750,80.000000000,0959490dcfeedeafc8e9e01f868552fc1a757f1f2924fe4d8aaab468b9881130,nearest_visible_satellite_in_each_other_domain,union,os05,713.401184082,sampled
IDL-000259,IDL,cs02,os05,communication,observation,2596,2687,2025-01-01T21:38:00.000000Z,2025-01-01T22:23:30.000000Z,2730.000000000,91,38106.839843750,35143.179687500,44684.250000000,80.000000000,0959490dcfeedeafc8e9e01f868552fc1a757f1f2924fe4d8aaab468b9881130,nearest_visible_satellite_in_each_other_domain,union,both,26.278852463,sampled
IDL-000260,IDL,cs02,os05,communication,observation,2792,2853,2025-01-01T23:16:00.000000Z,2025-01-01T23:46:30.000000Z,1830.000000000,61,38937.367187500,35444.785156250,44707.589843750,80.000000000,0959490dcfeedeafc8e9e01f868552fc1a757f1f2924fe4d8aaab468b9881130,nearest_visible_satellite_in_each_other_domain,union,both,15.881237984,sampled
IDL-000261,IDL,cs03,ns01,communication,navigation,1573,2437,2025-01-01T13:06:30.000000Z,2025-01-01T20:18:30.000000Z,25920.000000000,864,30621.462890625,22204.152343750,36304.523437500,80.000000000,0959490dcfeedeafc8e9e01f868552fc1a757f1f2924fe4d8aaab468b9881130,nearest_visible_satellite_in_each_other_domain,union,both,21138.720703125,sampled
IDL-000262,IDL,cs03,ns02,communication,navigation,1069,1573,2025-01-01T08:54:30.000000Z,2025-01-01T13:06:30.000000Z,15120.000000000,504,23206.722656250,17116.085937500,34412.406250000,80.000000000,0959490dcfeedeafc8e9e01f868552fc1a757f1f2924fe4d8aaab468b9881130,nearest_visible_satellite_in_each_other_domain,union,both,21360.898437500,sampled
IDL-000263,IDL,cs03,ns03,communication,navigation,325,1069,2025-01-01T02:42:30.000000Z,2025-01-01T08:54:30.000000Z,22320.000000000,744,29090.951171875,19752.781250000,38018.519531250,80.000000000,0959490dcfeedeafc8e9e01f868552fc1a757f1f2924fe4d8aaab468b9881130,nearest_visible_satellite_in_each_other_domain,union,both,20898.550781250,sampled
IDL-000264,IDL,cs03,ns04,communication,navigation,0,325,2025-01-01T00:00:00.000000Z,2025-01-01T02:42:30.000000Z,9750.000000000,325,32444.511718750,24417.589843750,37892.949218750,80.000000000,0959490dcfeedeafc8e9e01f868552fc1a757f1f2924fe4d8aaab468b9881130,nearest_visible_satellite_in_each_other_domain,union,both,20897.962890625,sampled
IDL-000265,IDL,cs03,ns05,communication,navigation,2437,2881,2025-01-01T20:18:30.000000Z,2025-01-02T00:00:00.000000Z,13290.000000000,444,20531.226562500,15449.990234375,29771.455078125,80.000000000,0959490dcfeedeafc8e9e01f868552fc1a757f1f2924fe4d8aaab468b9881130,nearest_visible_satellite_in_each_other_domain,union,both,21515.878906250,sampled
IDL-000266,IDL,cs03,os01,communication,observation,53,56,2025-01-01T00:26:30.000000Z,2025-01-01T00:28:00.000000Z,90.000000000,3,41330.324218750,41181.246093750,41479.957031250,80.000000000,0959490dcfeedeafc8e9e01f868552fc1a757f1f2924fe4d8aaab468b9881130,nearest_visible_satellite_in_each_other_domain,union,os01,698.427001953,sampled
IDL-000267,IDL,cs03,os01,communication,observation,92,161,2025-01-01T00:46:00.000000Z,2025-01-01T01:20:30.000000Z,2070.000000000,69,41037.121093750,38177.730468750,44729.285156250,80.000000000,0959490dcfeedeafc8e9e01f868552fc1a757f1f2924fe4d8aaab468b9881130,nearest_visible_satellite_in_each_other_domain,union,cs03,19.062940598,sampled
IDL-000268,IDL,cs03,os01,communication,observation,248,250,2025-01-01T02:04:00.000000Z,2025-01-01T02:05:00.000000Z,60.000000000,2,41726.125000000,41691.457031250,41760.789062500,80.000000000,0959490dcfeedeafc8e9e01f868552fc1a757f1f2924fe4d8aaab468b9881130,nearest_visible_satellite_in_each_other_domain,union,os01,695.081665039,sampled
IDL-000269,IDL,cs03,os01,communication,observation,279,355,2025-01-01T02:19:30.000000Z,2025-01-01T02:57:30.000000Z,2280.000000000,76,42341.121093750,40747.144531250,43834.914062500,80.000000000,0959490dcfeedeafc8e9e01f868552fc1a757f1f2924fe4d8aaab468b9881130,nearest_visible_satellite_in_each_other_domain,union,cs03,356.502777100,sampled
IDL-000270,IDL,cs03,os01,communication,observation,428,503,2025-01-01T03:34:00.000000Z,2025-01-01T04:11:30.000000Z,2250.000000000,75,42789.859375000,41602.433593750,44544.453125000,80.000000000,0959490dcfeedeafc8e9e01f868552fc1a757f1f2924fe4d8aaab468b9881130,nearest_visible_satellite_in_each_other_domain,union,both,104.172950745,sampled
IDL-000271,IDL,cs03,os01,communication,observation,601,667,2025-01-01T05:00:30.000000Z,2025-01-01T05:33:30.000000Z,1980.000000000,66,41294.832031250,39392.785156250,44717.910156250,80.000000000,0959490dcfeedeafc8e9e01f868552fc1a757f1f2924fe4d8aaab468b9881130,nearest_visible_satellite_in_each_other_domain,union,both,17.888708115,sampled
IDL-000272,IDL,cs03,os01,communication,observation,794,855,2025-01-01T06:37:00.000000Z,2025-01-01T07:07:30.000000Z,1830.000000000,61,39777.300781250,36941.335937500,44617.597656250,80.000000000,0959490dcfeedeafc8e9e01f868552fc1a757f1f2924fe4d8aaab468b9881130,nearest_visible_satellite_in_each_other_domain,union,both,57.050319672,sampled
IDL-000273,IDL,cs03,os01,communication,observation,989,1049,2025-01-01T08:14:30.000000Z,2025-01-01T08:44:30.000000Z,1800.000000000,60,38856.429687500,35372.898437500,44579.429687500,80.000000000,0959490dcfeedeafc8e9e01f868552fc1a757f1f2924fe4d8aaab468b9881130,nearest_visible_satellite_in_each_other_domain,union,both,71.650405884,sampled
IDL-000274,IDL,cs03,os01,communication,observation,1154,1246,2025-01-01T09:37:00.000000Z,2025-01-01T10:23:00.000000Z,2760.000000000,92,38169.601562500,35187.718750000,44732.582031250,80.000000000,0959490dcfeedeafc8e9e01f868552fc1a757f1f2924fe4d8aaab468b9881130,nearest_visible_satellite_in_each_other_domain,union,both,4.906491756,sampled
IDL-000275,IDL,cs03,os01,communication,observation,1342,1348,2025-01-01T11:11:00.000000Z,2025-01-01T11:14:00.000000Z,180.000000000,6,40556.230468750,40080.386718750,41038.335937500,80.000000000,0959490dcfeedeafc8e9e01f868552fc1a757f1f2924fe4d8aaab468b9881130,nearest_visible_satellite_in_each_other_domain,union,os01,709.587219238,sampled
IDL-000276,IDL,cs03,os01,communication,observation,1381,1444,2025-01-01T11:30:30.000000Z,2025-01-01T12:02:00.000000Z,1890.000000000,63,39830.394531250,36444.937500000,44728.488281250,80.000000000,0959490dcfeedeafc8e9e01f868552fc1a757f1f2924fe4d8aaab468b9881130,nearest_visible_satellite_in_each_other_domain,union,cs03,7.203968048,sampled
IDL-000277,IDL,cs03,os01,communication,observation,1536,1539,2025-01-01T12:48:00.000000Z,2025-01-01T12:49:30.000000Z,90.000000000,3,41498.406250000,41365.105468750,41632.253906250,80.000000000,0959490dcfeedeafc8e9e01f868552fc1a757f1f2924fe4d8aaab468b9881130,nearest_visible_satellite_in_each_other_domain,union,os01,711.130310059,sampled
IDL-000278,IDL,cs03,os01,communication,observation,1574,1648,2025-01-01T13:07:00.000000Z,2025-01-01T13:44:00.000000Z,2220.000000000,74,41450.164062500,38747.394531250,44746.070312500,80.000000000,0959490dcfeedeafc8e9e01f868552fc1a757f1f2924fe4d8aaab468b9881130,nearest_visible_satellite_in_each_other_domain,union,cs03,2.314363956,sampled
IDL-000279,IDL,cs03,os01,communication,observation,1732,1734,2025-01-01T14:26:00.000000Z,2025-01-01T14:27:00.000000Z,60.000000000,2,41732.984375000,41708.941406250,41757.031250000,80.000000000,0959490dcfeedeafc8e9e01f868552fc1a757f1f2924fe4d8aaab468b9881130,nearest_visible_satellite_in_each_other_domain,union,os01,709.324035645,sampled
IDL-000280,IDL,cs03,os01,communication,observation,1757,1826,2025-01-01T14:38:30.000000Z,2025-01-01T15:13:00.000000Z,2070.000000000,69,42455.425781250,41227.292968750,43690.550781250,80.000000000,0959490dcfeedeafc8e9e01f868552fc1a757f1f2924fe4d8aaab468b9881130,nearest_visible_satellite_in_each_other_domain,union,cs03,386.253631592,sampled
IDL-000281,IDL,cs03,os01,communication,observation,1902,1976,2025-01-01T15:51:00.000000Z,2025-01-01T16:28:00.000000Z,2220.000000000,74,42558.281250000,41257.980468750,44716.281250000,80.000000000,0959490dcfeedeafc8e9e01f868552fc1a757f1f2924fe4d8aaab468b9881130,nearest_visible_satellite_in_each_other_domain,union,both,16.378498077,sampled
IDL-000282,IDL,cs03,os01,communication,observation,2083,2148,2025-01-01T17:21:30.000000Z,2025-01-01T17:54:00.000000Z,1950.000000000,65,40912.039062500,38806.023437500,44699.320312500,80.000000000,0959490dcfeedeafc8e9e01f868552fc1a757f1f2924fe4d8aaab468b9881130,nearest_visible_satellite_in_each_other_domain,union,both,30.478286743,sampled
IDL-000283,IDL,cs03,os01,communication,observation,2277,2338,2025-01-01T18:58:30.000000Z,2025-01-01T19:29:00.000000Z,1830.000000000,61,39492.417968750,36486.542968750,44607.351562500,80.000000000,0959490dcfeedeafc8e9e01f868552fc1a757f1f2924fe4d8aaab468b9881130,nearest_visible_satellite_in_each_other_domain,union,both,72.518653870,sampled
IDL-000284,IDL,cs03,os01,communication,observation,2472,2533,2025-01-01T20:36:00.000000Z,2025-01-01T21:06:30.000000Z,1830.000000000,61,38774.699218750,35197.320312500,44654.730468750,80.000000000,0959490dcfeedeafc8e9e01f868552fc1a757f1f2924fe4d8aaab468b9881130,nearest_visible_satellite_in_each_other_domain,union,both,53.035636902,sampled
IDL-000285,IDL,cs03,os01,communication,observation,2634,2659,2025-01-01T21:57:00.000000Z,2025-01-01T22:09:30.000000Z,750.000000000,25,37660.914062500,35899.156250000,39890.011718750,80.000000000,0959490dcfeedeafc8e9e01f868552fc1a757f1f2924fe4d8aaab468b9881130,nearest_visible_satellite_in_each_other_domain,union,os01,701.528259277,sampled
IDL-000286,IDL,cs03,os01,communication,observation,2668,2730,2025-01-01T22:14:00.000000Z,2025-01-01T22:45:00.000000Z,1860.000000000,62,39014.601562500,35345.761718750,44734.531250000,80.000000000,0959490dcfeedeafc8e9e01f868552fc1a757f1f2924fe4d8aaab468b9881130,nearest_visible_satellite_in_each_other_domain,union,cs03,18.063976288,sampled
IDL-000287,IDL,cs03,os01,communication,observation,2825,2830,2025-01-01T23:32:30.000000Z,2025-01-01T23:35:00.000000Z,150.000000000,5,40835.386718750,40472.996093750,41201.304687500,80.000000000,0959490dcfeedeafc8e9e01f868552fc1a757f1f2924fe4d8aaab468b9881130,nearest_visible_satellite_in_each_other_domain,union,os01,699.295349121,sampled
IDL-000288,IDL,cs03,os01,communication,observation,2864,2881,2025-01-01T23:52:00.000000Z,2025-01-02T00:00:00.000000Z,480.000000000,17,37172.941406250,36884.539062500,37704.531250000,80.000000000,0959490dcfeedeafc8e9e01f868552fc1a757f1f2924fe4d8aaab468b9881130,nearest_visible_satellite_in_each_other_domain,union,cs03,713.753295898,sampled
IDL-000289,IDL,cs03,os02,communication,observation,48,51,2025-01-01T00:24:00.000000Z,2025-01-01T00:25:30.000000Z,90.000000000,3,41420.761718750,41269.027343750,41573.015625000,80.000000000,0959490dcfeedeafc8e9e01f868552fc1a757f1f2924fe4d8aaab468b9881130,nearest_visible_satellite_in_each_other_domain,union,os02,698.263061523,sampled
IDL-000290,IDL,cs03,os02,communication,observation,87,92,2025-01-01T00:43:30.000000Z,2025-01-01T00:46:00.000000Z,150.000000000,5,38140.328125000,38118.386718750,38172.656250000,80.000000000,0959490dcfeedeafc8e9e01f868552fc1a757f1f2924fe4d8aaab468b9881130,nearest_visible_satellite_in_each_other_domain,union,cs03,712.958129883,sampled
IDL-000291,IDL,cs03,os02,communication,observation,244,246,2025-01-01T02:02:00.000000Z,2025-01-01T02:03:00.000000Z,60.000000000,2,41698.429687500,41663.093750000,41733.769531250,80.000000000,0959490dcfeedeafc8e9e01f868552fc1a757f1f2924fe4d8aaab468b9881130,nearest_visible_satellite_in_each_other_domain,union,os02,695.860168457,sampled
IDL-000292,IDL,cs03,os02,communication,observation,275,279,2025-01-01T02:17:30.000000Z,2025-01-01T02:19:30.000000Z,120.000000000,4,40712.113281250,40694.164062500,40732.683593750,80.000000000,0959490dcfeedeafc8e9e01f868552fc1a757f1f2924fe4d8aaab468b9881130,nearest_visible_satellite_in_each_other_domain,union,cs03,709.326049805,sampled
IDL-000293,IDL,cs03,os02,communication,observation,425,428,2025-01-01T03:32:30.000000Z,2025-01-01T03:34:00.000000Z,90.000000000,3,41638.718750000,41632.363281250,41645.757812500,80.000000000,0959490dcfeedeafc8e9e01f868552fc1a757f1f2924fe4d8aaab468b9881130,nearest_visible_satellite_in_each_other_domain,union,cs03,695.338928223,sampled
IDL-000294,IDL,cs03,os02,communication,observation,440,442,2025-01-01T03:40:00.000000Z,2025-01-01T03:41:00.000000Z,60.000000000,2,41760.246093750,41748.539062500,41771.953125000,80.000000000,0959490dcfeedeafc8e9e01f868552fc1a757f1f2924fe4d8aaab468b9881130,nearest_visible_satellite_in_each_other_domain,union,os02,694.634338379,sampled
IDL-000295,IDL,cs03,os02,communication,observation,597,601,2025-01-01T04:58:30.000000Z,2025-01-01T05:00:30.000000Z,120.000000000,4,39474.949218750,39457.585937500,39496.121093750,80.000000000,0959490dcfeedeafc8e9e01f868552fc1a757f1f2924fe4d8aaab468b9881130,nearest_visible_satellite_in_each_other_domain,union,cs03,698.515197754,sampled
IDL-000296,IDL,cs03,os02,communication,observation,635,637,2025-01-01T05:17:30.000000Z,2025-01-01T05:18:30.000000Z,60.000000000,2,41542.546875000,41486.640625000,41598.449218750,80.000000000,0959490dcfeedeafc8e9e01f868552fc1a757f1f2924fe4d8aaab468b9881130,nearest_visible_satellite_in_each_other_domain,union,os02,696.884887695,sampled
IDL-000297,IDL,cs03,os02,communication,observation,789,794,2025-01-01T06:34:30.000000Z,2025-01-01T06:37:00.000000Z,150.000000000,5,37003.000000000,36989.378906250,37029.652343750,80.000000000,0959490dcfeedeafc8e9e01f868552fc1a757f1f2924fe4d8aaab468b9881130,nearest_visible_satellite_in_each_other_domain,union,cs03,699.565185547,sampled
IDL-000298,IDL,cs03,os02,communication,observation,828,833,2025-01-01T06:54:00.000000Z,2025-01-01T06:56:30.000000Z,150.000000000,5,40992.457031250,40632.621093750,41355.539062500,80.000000000,0959490dcfeedeafc8e9e01f868552fc1a757f1f2924fe4d8aaab468b9881130,nearest_visible_satellite_in_each_other_domain,union,os02,696.229125977,sampled
IDL-000299,IDL,cs03,os02,communication,observation,985,989,2025-01-01T08:12:30.000000Z,2025-01-01T08:14:30.000000Z,120.000000000,4,35399.472656250,35393.859375000,35407.878906250,80.000000000,0959490dcfeedeafc8e9e01f868552fc1a757f1f2924fe4d8aaab468b9881130,nearest_visible_satellite_in_each_other_domain,union,cs03,700.213867188,sampled
IDL-000300,IDL,cs03,os02,communication,observation,1000,1024,2025-01-01T08:20:00.000000Z,2025-01-01T08:32:00.000000Z,720.000000000,24,37885.613281250,36110.894531250,40064.789062500,80.000000000,0959490dcfeedeafc8e9e01f868552fc1a757f1f2924fe4d8aaab468b9881130,nearest_visible_satellite_in_each_other_domain,union,os02,695.860534668,sampled
IDL-000301,IDL,cs03,os02,communication,observation,1150,1187,2025-01-01T09:35:00.000000Z,2025-01-01T09:53:30.000000Z,1110.000000000,37,36400.757812500,35175.347656250,39026.082031250,80.000000000,0959490dcfeedeafc8e9e01f868552fc1a757f1f2924fe4d8aaab468b9881130,nearest_visible_satellite_in_each_other_domain,union,both,700.188049316,sampled
IDL-000302,IDL,cs03,os02,communication,observation,1337,1344,2025-01-01T11:08:30.000000Z,2025-01-01T11:12:00.000000Z,210.000000000,7,40576.035156250,40002.109375000,41159.148437500,80.000000000,0959490dcfeedeafc8e9e01f868552fc1a757f1f2924fe4d8aaab468b9881130,nearest_visible_satellite_in_each_other_domain,union,os02,709.497314453,sampled
IDL-000303,IDL,cs03,os02,communication,observation,1376,1381,2025-01-01T11:28:00.000000Z,2025-01-01T11:30:30.000000Z,150.000000000,5,36418.230468750,36404.128906250,36446.402343750,80.000000000,0959490dcfeedeafc8e9e01f868552fc1a757f1f2924fe4d8aaab468b9881130,nearest_visible_satellite_in_each_other_domain,union,cs03,701.073669434,sampled
IDL-000304,IDL,cs03,os02,communication,observation,1532,1534,2025-01-01T12:46:00.000000Z,2025-01-01T12:47:00.000000Z,60.000000000,2,41511.828125000,41444.058593750,41579.597656250,80.000000000,0959490dcfeedeafc8e9e01f868552fc1a757f1f2924fe4d8aaab468b9881130,nearest_visible_satellite_in_each_other_domain,union,os02,711.268310547,sampled
IDL-000305,IDL,cs03,os02,communication,observation,1570,1574,2025-01-01T13:05:00.000000Z,2025-01-01T13:07:00.000000Z,120.000000000,4,38706.699218750,38690.867187500,38727.140625000,80.000000000,0959490dcfeedeafc8e9e01f868552fc1a757f1f2924fe4d8aaab468b9881130,nearest_visible_satellite_in_each_other_domain,union,cs03,702.196533203,sampled
IDL-000306,IDL,cs03,os02,communication,observation,1728,1729,2025-01-01T14:24:00.000000Z,2025-01-01T14:24:30.000000Z,30.000000000,1,41737.769531250,41737.769531250,41737.769531250,80.000000000,0959490dcfeedeafc8e9e01f868552fc1a757f1f2924fe4d8aaab468b9881130,nearest_visible_satellite_in_each_other_domain,union,os02,709.733764648,sampled
IDL-000307,IDL,cs03,os02,communication,observation,1754,1757,2025-01-01T14:37:00.000000Z,2025-01-01T14:38:30.000000Z,90.000000000,3,41201.839843750,41190.160156250,41214.269531250,80.000000000,0959490dcfeedeafc8e9e01f868552fc1a757f1f2924fe4d8aaab468b9881130,nearest_visible_satellite_in_each_other_domain,union,cs03,705.576049805,sampled
IDL-000308,IDL,cs03,os02,communication,observation,1898,1902,2025-01-01T15:49:00.000000Z,2025-01-01T15:51:00.000000Z,120.000000000,4,41327.164062500,41311.894531250,41344.601562500,80.000000000,0959490dcfeedeafc8e9e01f868552fc1a757f1f2924fe4d8aaab468b9881130,nearest_visible_satellite_in_each_other_domain,union,cs03,716.440185547,sampled
IDL-000309,IDL,cs03,os02,communication,observation,1924,1925,2025-01-01T16:02:00.000000Z,2025-01-01T16:02:30.000000Z,30.000000000,1,41741.257812500,41741.257812500,41741.257812500,80.000000000,0959490dcfeedeafc8e9e01f868552fc1a757f1f2924fe4d8aaab468b9881130,nearest_visible_satellite_in_each_other_domain,union,os02,710.085937500,sampled
IDL-000310,IDL,cs03,os02,communication,observation,2079,2083,2025-01-01T17:19:30.000000Z,2025-01-01T17:21:30.000000Z,120.000000000,4,38887.273437500,38869.132812500,38909.796875000,80.000000000,0959490dcfeedeafc8e9e01f868552fc1a757f1f2924fe4d8aaab468b9881130,nearest_visible_satellite_in_each_other_domain,union,cs03,716.142700195,sampled
IDL-000311,IDL,cs03,os02,communication,observation,2119,2121,2025-01-01T17:39:30.000000Z,2025-01-01T17:40:30.000000Z,60.000000000,2,41522.265625000,41457.191406250,41587.335937500,80.000000000,0959490dcfeedeafc8e9e01f868552fc1a757f1f2924fe4d8aaab468b9881130,nearest_visible_satellite_in_each_other_domain,union,os02,712.646423340,sampled
IDL-000312,IDL,cs03,os02,communication,observation,2272,2277,2025-01-01T18:56:00.000000Z,2025-01-01T18:58:30.000000Z,150.000000000,5,36544.843750000,36529.750000000,36573.945312500,80.000000000,0959490dcfeedeafc8e9e01f868552fc1a757f1f2924fe4d8aaab468b9881130,nearest_visible_satellite_in_each_other_domain,union,cs03,715.260742188,sampled
IDL-000313,IDL,cs03,os02,communication,observation,2310,2316,2025-01-01T19:15:00.000000Z,2025-01-01T19:18:00.000000Z,180.000000000,6,40688.402343750,40215.593750000,41167.117187500,80.000000000,0959490dcfeedeafc8e9e01f868552fc1a757f1f2924fe4d8aaab468b9881130,nearest_visible_satellite_in_each_other_domain,union,os02,713.279724121,sampled
IDL-000314,IDL,cs03,os02,communication,observation,2468,2505,2025-01-01T20:34:00.000000Z,2025-01-01T20:52:30.000000Z,1110.000000000,37,36642.742187500,35210.179687500,39449.015625000,80.000000000,0959490dcfeedeafc8e9e01f868552fc1a757f1f2924fe4d8aaab468b9881130,nearest_visible_satellite_in_each_other_domain,union,both,714.837890625,sampled
IDL-000315,IDL,cs03,os02,communication,observation,2630,2656,2025-01-01T21:55:00.000000Z,2025-01-01T22:08:00.000000Z,780.000000000,26,37521.597656250,35761.843750000,39808.937500000,80.000000000,0959490dcfeedeafc8e9e01f868552fc1a757f1f2924fe4d8aaab468b9881130,nearest_visible_satellite_in_each_other_domain,union,os02,701.671813965,sampled
IDL-000316,IDL,cs03,os02,communication,observation,2664,2668,2025-01-01T22:12:00.000000Z,2025-01-01T22:14:00.000000Z,120.000000000,4,35331.039062500,35325.542968750,35339.046875000,80.000000000,0959490dcfeedeafc8e9e01f868552fc1a757f1f2924fe4d8aaab468b9881130,nearest_visible_satellite_in_each_other_domain,union,cs03,714.372497559,sampled
IDL-000317,IDL,cs03,os02,communication,observation,2820,2825,2025-01-01T23:30:00.000000Z,2025-01-01T23:32:30.000000Z,150.000000000,5,40945.039062500,40577.835937500,41315.476562500,80.000000000,0959490dcfeedeafc8e9e01f868552fc1a757f1f2924fe4d8aaab468b9881130,nearest_visible_satellite_in_each_other_domain,union,os02,699.120788574,sampled
IDL-000318,IDL,cs03,os02,communication,observation,2860,2864,2025-01-01T23:50:00.000000Z,2025-01-01T23:52:00.000000Z,120.000000000,4,36854.390625000,36838.562500000,36876.863281250,80.000000000,0959490dcfeedeafc8e9e01f868552fc1a757f1f2924fe4d8aaab468b9881130,nearest_visible_satellite_in_each_other_domain,union,cs03,713.866271973,sampled
IDL-000319,IDL,cs03,os03,communication,observation,44,47,2025-01-01T00:22:00.000000Z,2025-01-01T00:23:30.000000Z,90.000000000,3,41360.121093750,41207.382812500,41513.402343750,80.000000000,0959490dcfeedeafc8e9e01f868552fc1a757f1f2924fe4d8aaab468b9881130,nearest_visible_satellite_in_each_other_domain,union,os03,698.370056152,sampled
IDL-000320,IDL,cs03,os03,communication,observation,83,87,2025-01-01T00:41:30.000000Z,2025-01-01T00:43:30.000000Z,120.000000000,4,38080.062500000,38064.054687500,38101.332031250,80.000000000,0959490dcfeedeafc8e9e01f868552fc1a757f1f2924fe4d8aaab468b9881130,nearest_visible_satellite_in_each_other_domain,union,cs03,713.086303711,sampled
IDL-000321,IDL,cs03,os03,communication,observation,240,241,2025-01-01T02:00:00.000000Z,2025-01-01T02:00:30.000000Z,30.000000000,1,41705.480468750,41705.480468750,41705.480468750,80.000000000,0959490dcfeedeafc8e9e01f868552fc1a757f1f2924fe4d8aaab468b9881130,nearest_visible_satellite_in_each_other_domain,union,os03,696.563476562,sampled
IDL-000322,IDL,cs03,os03,communication,observation,271,275,2025-01-01T02:15:30.000000Z,2025-01-01T02:17:30.000000Z,120.000000000,4,40658.554687500,40640.746093750,40679.035156250,80.000000000,0959490dcfeedeafc8e9e01f868552fc1a757f1f2924fe4d8aaab468b9881130,nearest_visible_satellite_in_each_other_domain,union,cs03,709.485534668,sampled
IDL-000323,IDL,cs03,os03,communication,observation,422,425,2025-01-01T03:31:00.000000Z,2025-01-01T03:32:30.000000Z,90.000000000,3,41659.035156250,41653.527343750,41665.218750000,80.000000000,0959490dcfeedeafc8e9e01f868552fc1a757f1f2924fe4d8aaab468b9881130,nearest_visible_satellite_in_each_other_domain,union,cs03,695.110351562,sampled
IDL-000324,IDL,cs03,os03,communication,observation,436,437,2025-01-01T03:38:00.000000Z,2025-01-01T03:38:30.000000Z,30.000000000,1,41757.453125000,41757.453125000,41757.453125000,80.000000000,0959490dcfeedeafc8e9e01f868552fc1a757f1f2924fe4d8aaab468b9881130,nearest_visible_satellite_in_each_other_domain,union,os03,694.906433105,sampled
IDL-000325,IDL,cs03,os03,communication,observation,592,597,2025-01-01T04:56:00.000000Z,2025-01-01T04:58:30.000000Z,150.000000000,5,39539.148437500,39514.875000000,39570.886718750,80.000000000,0959490dcfeedeafc8e9e01f868552fc1a757f1f2924fe4d8aaab468b9881130,nearest_visible_satellite_in_each_other_domain,union,cs03,698.433898926,sampled
IDL-000326,IDL,cs03,os03,communication,observation,631,633,2025-01-01T05:15:30.000000Z,2025-01-01T05:16:30.000000Z,60.000000000,2,41587.445312500,41532.148437500,41642.738281250,80.000000000,0959490dcfeedeafc8e9e01f868552fc1a757f1f2924fe4d8aaab468b9881130,nearest_visible_satellite_in_each_other_domain,union,os03,696.700866699,sampled
IDL-000327,IDL,cs03,os03,communication,observation,785,789,2025-01-01T06:32:30.000000Z,2025-01-01T06:34:30.000000Z,120.000000000,4,37050.527343750,37036.781250000,37070.726562500,80.000000000,0959490dcfeedeafc8e9e01f868552fc1a757f1f2924fe4d8aaab468b9881130,nearest_visible_satellite_in_each_other_domain,union,cs03,699.699035645,sampled
IDL-000328,IDL,cs03,os03,communication,observation,824,828,2025-01-01T06:52:00.000000Z,2025-01-01T06:54:00.000000Z,120.000000000,4,40973.980468750,40705.917968750,41243.703125000,80.000000000,0959490dcfeedeafc8e9e01f868552fc1a757f1f2924fe4d8aaab468b9881130,nearest_visible_satellite_in_each_other_domain,union,os03,696.271423340,sampled
IDL-000329,IDL,cs03,os03,communication,observation,980,985,2025-01-01T08:10:00.000000Z,2025-01-01T08:12:30.000000Z,150.000000000,5,35424.843750000,35416.437500000,35441.648437500,80.000000000,0959490dcfeedeafc8e9e01f868552fc1a757f1f2924fe4d8aaab468b9881130,nearest_visible_satellite_in_each_other_domain,union,cs03,700.123840332,sampled
IDL-000330,IDL,cs03,os03,communication,observation,997,1020,2025-01-01T08:18:30.000000Z,2025-01-01T08:30:00.000000Z,690.000000000,23,38035.468750000,36278.148437500,40146.363281250,80.000000000,0959490dcfeedeafc8e9e01f868552fc1a757f1f2924fe4d8aaab468b9881130,nearest_visible_satellite_in_each_other_domain,union,os03,695.859680176,sampled
IDL-000331,IDL,cs03,os03,communication,observation,1146,1184,2025-01-01T09:33:00.000000Z,2025-01-01T09:52:00.000000Z,1140.000000000,38,36328.261718750,35164.683593750,38949.136718750,80.000000000,0959490dcfeedeafc8e9e01f868552fc1a757f1f2924fe4d8aaab468b9881130,nearest_visible_satellite_in_each_other_domain,union,both,699.874206543,sampled
IDL-000332,IDL,cs03,os03,communication,observation,1333,1340,2025-01-01T11:06:30.000000Z,2025-01-01T11:10:00.000000Z,210.000000000,7,40498.480468750,39923.535156250,41082.976562500,80.000000000,0959490dcfeedeafc8e9e01f868552fc1a757f1f2924fe4d8aaab468b9881130,nearest_visible_satellite_in_each_other_domain,union,os03,709.407470703,sampled
IDL-000333,IDL,cs03,os03,communication,observation,1372,1376,2025-01-01T11:26:00.000000Z,2025-01-01T11:28:00.000000Z,120.000000000,4,36372.812500000,36362.621093750,36390.250000000,80.000000000,0959490dcfeedeafc8e9e01f868552fc1a757f1f2924fe4d8aaab468b9881130,nearest_visible_satellite_in_each_other_domain,union,cs03,701.212463379,sampled
IDL-000334,IDL,cs03,os03,communication,observation,1528,1530,2025-01-01T12:44:00.000000Z,2025-01-01T12:45:00.000000Z,60.000000000,2,41457.566406250,41389.238281250,41525.894531250,80.000000000,0959490dcfeedeafc8e9e01f868552fc1a757f1f2924fe4d8aaab468b9881130,nearest_visible_satellite_in_each_other_domain,union,os03,711.178344727,sampled
IDL-000335,IDL,cs03,os03,communication,observation,1566,1570,2025-01-01T13:03:00.000000Z,2025-01-01T13:05:00.000000Z,120.000000000,4,38652.304687500,38634.753906250,38674.511718750,80.000000000,0959490dcfeedeafc8e9e01f868552fc1a757f1f2924fe4d8aaab468b9881130,nearest_visible_satellite_in_each_other_domain,union,cs03,702.104858398,sampled
IDL-000336,IDL,cs03,os03,communication,observation,1723,1725,2025-01-01T14:21:30.000000Z,2025-01-01T14:22:30.000000Z,60.000000000,2,41743.593750000,41717.207031250,41769.980468750,80.000000000,0959490dcfeedeafc8e9e01f868552fc1a757f1f2924fe4d8aaab468b9881130,nearest_visible_satellite_in_each_other_domain,union,os03,709.004150391,sampled
IDL-000337,IDL,cs03,os03,communication,observation,1750,1754,2025-01-01T14:35:00.000000Z,2025-01-01T14:37:00.000000Z,120.000000000,4,41160.875000000,41143.019531250,41180.996093750,80.000000000,0959490dcfeedeafc8e9e01f868552fc1a757f1f2924fe4d8aaab468b9881130,nearest_visible_satellite_in_each_other_domain,union,cs03,705.262756348,sampled
IDL-000338,IDL,cs03,os03,communication,observation,1895,1898,2025-01-01T15:47:30.000000Z,2025-01-01T15:49:00.000000Z,90.000000000,3,41364.730468750,41354.531250000,41375.640625000,80.000000000,0959490dcfeedeafc8e9e01f868552fc1a757f1f2924fe4d8aaab468b9881130,nearest_visible_satellite_in_each_other_domain,union,cs03,716.398742676,sampled
IDL-000339,IDL,cs03,os03,communication,observation,1919,1921,2025-01-01T15:59:30.000000Z,2025-01-01T16:00:30.000000Z,60.000000000,2,41737.265625000,41716.453125000,41758.078125000,80.000000000,0959490dcfeedeafc8e9e01f868552fc1a757f1f2924fe4d8aaab468b9881130,nearest_visible_satellite_in_each_other_domain,union,os03,709.559631348,sampled
IDL-000340,IDL,cs03,os03,communication,observation,2075,2079,2025-01-01T17:17:30.000000Z,2025-01-01T17:19:30.000000Z,120.000000000,4,38942.382812500,38925.765625000,38963.332031250,80.000000000,0959490dcfeedeafc8e9e01f868552fc1a757f1f2924fe4d8aaab468b9881130,nearest_visible_satellite_in_each_other_domain,union,cs03,716.200012207,sampled
IDL-000341,IDL,cs03,os03,communication,observation,2114,2117,2025-01-01T17:37:00.000000Z,2025-01-01T17:38:30.000000Z,90.000000000,3,41509.625000000,41381.769531250,41638.042968750,80.000000000,0959490dcfeedeafc8e9e01f868552fc1a757f1f2924fe4d8aaab468b9881130,nearest_visible_satellite_in_each_other_domain,union,os03,712.223754883,sampled
IDL-000342,IDL,cs03,os03,communication,observation,2268,2272,2025-01-01T18:54:00.000000Z,2025-01-01T18:56:00.000000Z,120.000000000,4,36587.492187500,36572.488281250,36609.445312500,80.000000000,0959490dcfeedeafc8e9e01f868552fc1a757f1f2924fe4d8aaab468b9881130,nearest_visible_satellite_in_each_other_domain,union,cs03,715.344421387,sampled
IDL-000343,IDL,cs03,os03,communication,observation,2306,2312,2025-01-01T19:13:00.000000Z,2025-01-01T19:16:00.000000Z,180.000000000,6,40764.433593750,40292.792968750,41241.757812500,80.000000000,0959490dcfeedeafc8e9e01f868552fc1a757f1f2924fe4d8aaab468b9881130,nearest_visible_satellite_in_each_other_domain,union,os03,713.194763184,sampled
IDL-000344,IDL,cs03,os03,communication,observation,2464,2501,2025-01-01T20:32:00.000000Z,2025-01-01T20:50:30.000000Z,1110.000000000,37,36694.062500000,35224.722656250,39528.367187500,80.000000000,0959490dcfeedeafc8e9e01f868552fc1a757f1f2924fe4d8aaab468b9881130,nearest_visible_satellite_in_each_other_domain,union,both,714.931091309,sampled
IDL-000345,IDL,cs03,os03,communication,observation,2626,2653,2025-01-01T21:53:00.000000Z,2025-01-01T22:06:30.000000Z,810.000000000,27,37387.070312500,35638.468750000,39728.070312500,80.000000000,0959490dcfeedeafc8e9e01f868552fc1a757f1f2924fe4d8aaab468b9881130,nearest_visible_satellite_in_each_other_domain,union,os03,701.816650391,sampled
IDL-000346,IDL,cs03,os03,communication,observation,2660,2664,2025-01-01T22:10:00.000000Z,2025-01-01T22:12:00.000000Z,120.000000000,4,35313.585937500,35306.667968750,35325.843750000,80.000000000,0959490dcfeedeafc8e9e01f868552fc1a757f1f2924fe4d8aaab468b9881130,nearest_visible_satellite_in_each_other_domain,union,cs03,714.474792480,sampled
IDL-000347,IDL,cs03,os03,communication,observation,2816,2821,2025-01-01T23:28:00.000000Z,2025-01-01T23:30:30.000000Z,150.000000000,5,40871.226562500,40502.812500000,41243.003906250,80.000000000,0959490dcfeedeafc8e9e01f868552fc1a757f1f2924fe4d8aaab468b9881130,nearest_visible_satellite_in_each_other_domain,union,os03,699.234375000,sampled
IDL-000348,IDL,cs03,os03,communication,observation,2855,2860,2025-01-01T23:47:30.000000Z,2025-01-01T23:50:00.000000Z,150.000000000,5,36808.562500000,36792.214843750,36838.308593750,80.000000000,0959490dcfeedeafc8e9e01f868552fc1a757f1f2924fe4d8aaab468b9881130,nearest_visible_satellite_in_each_other_domain,union,cs03,713.693908691,sampled
IDL-000349,IDL,cs03,os04,communication,observation,40,43,2025-01-01T00:20:00.000000Z,2025-01-01T00:21:30.000000Z,90.000000000,3,41298.566406250,41144.843750000,41452.839843750,80.000000000,0959490dcfeedeafc8e9e01f868552fc1a757f1f2924fe4d8aaab468b9881130,nearest_visible_satellite_in_each_other_domain,union,os04,698.477661133,sampled
IDL-000350,IDL,cs03,os04,communication,observation,79,83,2025-01-01T00:39:30.000000Z,2025-01-01T00:41:30.000000Z,120.000000000,4,38028.582031250,38010.367187500,38052.113281250,80.000000000,0959490dcfeedeafc8e9e01f868552fc1a757f1f2924fe4d8aaab468b9881130,nearest_visible_satellite_in_each_other_domain,union,cs03,713.212768555,sampled
IDL-000351,IDL,cs03,os04,communication,observation,235,237,2025-01-01T01:57:30.000000Z,2025-01-01T01:58:30.000000Z,60.000000000,2,41713.546875000,41675.925781250,41751.164062500,80.000000000,0959490dcfeedeafc8e9e01f868552fc1a757f1f2924fe4d8aaab468b9881130,nearest_visible_satellite_in_each_other_domain,union,os04,695.383361816,sampled
IDL-000352,IDL,cs03,os04,communication,observation,267,271,2025-01-01T02:13:30.000000Z,2025-01-01T02:15:30.000000Z,120.000000000,4,40604.644531250,40586.914062500,40625.089843750,80.000000000,0959490dcfeedeafc8e9e01f868552fc1a757f1f2924fe4d8aaab468b9881130,nearest_visible_satellite_in_each_other_domain,union,cs03,709.644226074,sampled
IDL-000353,IDL,cs03,os04,communication,observation,419,422,2025-01-01T03:29:30.000000Z,2025-01-01T03:31:00.000000Z,90.000000000,3,41677.769531250,41673.070312500,41683.148437500,80.000000000,0959490dcfeedeafc8e9e01f868552fc1a757f1f2924fe4d8aaab468b9881130,nearest_visible_satellite_in_each_other_domain,union,cs03,694.880615234,sampled
IDL-000354,IDL,cs03,os04,communication,observation,431,433,2025-01-01T03:35:30.000000Z,2025-01-01T03:36:30.000000Z,60.000000000,2,41755.718750000,41746.410156250,41765.031250000,80.000000000,0959490dcfeedeafc8e9e01f868552fc1a757f1f2924fe4d8aaab468b9881130,nearest_visible_satellite_in_each_other_domain,union,os04,694.786560059,sampled
IDL-000355,IDL,cs03,os04,communication,observation,588,592,2025-01-01T04:54:00.000000Z,2025-01-01T04:56:00.000000Z,120.000000000,4,39600.957031250,39580.031250000,39625.542968750,80.000000000,0959490dcfeedeafc8e9e01f868552fc1a757f1f2924fe4d8aaab468b9881130,nearest_visible_satellite_in_each_other_domain,union,cs03,698.557128906,sampled
IDL-000356,IDL,cs03,os04,communication,observation,627,629,2025-01-01T05:13:30.000000Z,2025-01-01T05:14:30.000000Z,60.000000000,2,41631.195312500,41576.519531250,41685.875000000,80.000000000,0959490dcfeedeafc8e9e01f868552fc1a757f1f2924fe4d8aaab468b9881130,nearest_visible_satellite_in_each_other_domain,union,os04,696.167419434,sampled
IDL-000357,IDL,cs03,os04,communication,observation,781,785,2025-01-01T06:30:30.000000Z,2025-01-01T06:32:30.000000Z,120.000000000,4,37095.714843750,37084.910156250,37112.925781250,80.000000000,0959490dcfeedeafc8e9e01f868552fc1a757f1f2924fe4d8aaab468b9881130,nearest_visible_satellite_in_each_other_domain,union,cs03,699.610534668,sampled
IDL-000358,IDL,cs03,os04,communication,observation,820,824,2025-01-01T06:50:00.000000Z,2025-01-01T06:52:00.000000Z,120.000000000,4,41045.617187500,40778.613281250,41314.218750000,80.000000000,0959490dcfeedeafc8e9e01f868552fc1a757f1f2924fe4d8aaab468b9881130,nearest_visible_satellite_in_each_other_domain,union,os04,696.315979004,sampled
IDL-000359,IDL,cs03,os04,communication,observation,976,980,2025-01-01T08:08:00.000000Z,2025-01-01T08:10:00.000000Z,120.000000000,4,35444.851562500,35437.855468750,35457.453125000,80.000000000,0959490dcfeedeafc8e9e01f868552fc1a757f1f2924fe4d8aaab468b9881130,nearest_visible_satellite_in_each_other_domain,union,cs03,700.260498047,sampled
IDL-000360,IDL,cs03,os04,communication,observation,994,1016,2025-01-01T08:17:00.000000Z,2025-01-01T08:28:00.000000Z,660.000000000,22,38189.328125000,36457.644531250,40228.015625000,80.000000000,0959490dcfeedeafc8e9e01f868552fc1a757f1f2924fe4d8aaab468b9881130,nearest_visible_satellite_in_each_other_domain,union,os04,695.860534668,sampled
IDL-000361,IDL,cs03,os04,communication,observation,1142,1181,2025-01-01T09:31:00.000000Z,2025-01-01T09:50:30.000000Z,1170.000000000,39,36262.386718750,35153.222656250,38872.750000000,80.000000000,0959490dcfeedeafc8e9e01f868552fc1a757f1f2924fe4d8aaab468b9881130,nearest_visible_satellite_in_each_other_domain,union,both,699.564636230,sampled
IDL-000362,IDL,cs03,os04,communication,observation,1329,1336,2025-01-01T11:04:30.000000Z,2025-01-01T11:08:00.000000Z,210.000000000,7,40420.542968750,39844.691406250,41006.296875000,80.000000000,0959490dcfeedeafc8e9e01f868552fc1a757f1f2924fe4d8aaab468b9881130,nearest_visible_satellite_in_each_other_domain,union,os04,709.317687988,sampled
IDL-000363,IDL,cs03,os04,communication,observation,1368,1372,2025-01-01T11:24:00.000000Z,2025-01-01T11:26:00.000000Z,120.000000000,4,36335.734375000,36322.046875000,36356.699218750,80.000000000,0959490dcfeedeafc8e9e01f868552fc1a757f1f2924fe4d8aaab468b9881130,nearest_visible_satellite_in_each_other_domain,union,cs03,701.120971680,sampled
IDL-000364,IDL,cs03,os04,communication,observation,1523,1526,2025-01-01T12:41:30.000000Z,2025-01-01T12:43:00.000000Z,90.000000000,3,41471.703125000,41333.410156250,41610.542968750,80.000000000,0959490dcfeedeafc8e9e01f868552fc1a757f1f2924fe4d8aaab468b9881130,nearest_visible_satellite_in_each_other_domain,union,os04,711.088378906,sampled
IDL-000365,IDL,cs03,os04,communication,observation,1562,1566,2025-01-01T13:01:00.000000Z,2025-01-01T13:03:00.000000Z,120.000000000,4,38598.421875000,38579.089843750,38622.464843750,80.000000000,0959490dcfeedeafc8e9e01f868552fc1a757f1f2924fe4d8aaab468b9881130,nearest_visible_satellite_in_each_other_domain,union,cs03,702.013183594,sampled
IDL-000366,IDL,cs03,os04,communication,observation,1719,1721,2025-01-01T14:19:30.000000Z,2025-01-01T14:20:30.000000Z,60.000000000,2,41722.421875000,41695.351562500,41749.492187500,80.000000000,0959490dcfeedeafc8e9e01f868552fc1a757f1f2924fe4d8aaab468b9881130,nearest_visible_satellite_in_each_other_domain,union,os04,709.481262207,sampled
IDL-000367,IDL,cs03,os04,communication,observation,1746,1750,2025-01-01T14:33:00.000000Z,2025-01-01T14:35:00.000000Z,120.000000000,4,41112.296875000,41095.164062500,41131.734375000,80.000000000,0959490dcfeedeafc8e9e01f868552fc1a757f1f2924fe4d8aaab468b9881130,nearest_visible_satellite_in_each_other_domain,union,cs03,705.173828125,sampled
IDL-000368,IDL,cs03,os04,communication,observation,1891,1895,2025-01-01T15:45:30.000000Z,2025-01-01T15:47:30.000000Z,120.000000000,4,41402.472656250,41388.152343750,41418.914062500,80.000000000,0959490dcfeedeafc8e9e01f868552fc1a757f1f2924fe4d8aaab468b9881130,nearest_visible_satellite_in_each_other_domain,union,cs03,716.239746094,sampled
IDL-000369,IDL,cs03,os04,communication,observation,1915,1917,2025-01-01T15:57:30.000000Z,2025-01-01T15:58:30.000000Z,60.000000000,2,41753.460937500,41733.339843750,41773.582031250,80.000000000,0959490dcfeedeafc8e9e01f868552fc1a757f1f2924fe4d8aaab468b9881130,nearest_visible_satellite_in_each_other_domain,union,os04,709.032226562,sampled
IDL-000370,IDL,cs03,os04,communication,observation,2070,2075,2025-01-01T17:15:00.000000Z,2025-01-01T17:17:30.000000Z,150.000000000,5,39005.773437500,38982.722656250,39037.347656250,80.000000000,0959490dcfeedeafc8e9e01f868552fc1a757f1f2924fe4d8aaab468b9881130,nearest_visible_satellite_in_each_other_domain,union,cs03,716.112426758,sampled
IDL-000371,IDL,cs03,os04,communication,observation,2110,2112,2025-01-01T17:35:00.000000Z,2025-01-01T17:36:00.000000Z,60.000000000,2,41496.785156250,41433.710937500,41559.859375000,80.000000000,0959490dcfeedeafc8e9e01f868552fc1a757f1f2924fe4d8aaab468b9881130,nearest_visible_satellite_in_each_other_domain,union,os04,712.725830078,sampled
IDL-000372,IDL,cs03,os04,communication,observation,2264,2268,2025-01-01T18:52:00.000000Z,2025-01-01T18:54:00.000000Z,120.000000000,4,36627.601562500,36615.886718750,36646.222656250,80.000000000,0959490dcfeedeafc8e9e01f868552fc1a757f1f2924fe4d8aaab468b9881130,nearest_visible_satellite_in_each_other_domain,union,cs03,715.425964355,sampled
IDL-000373,IDL,cs03,os04,communication,observation,2302,2307,2025-01-01T19:11:00.000000Z,2025-01-01T19:13:30.000000Z,150.000000000,5,40744.796875000,40369.582031250,41123.500000000,80.000000000,0959490dcfeedeafc8e9e01f868552fc1a757f1f2924fe4d8aaab468b9881130,nearest_visible_satellite_in_each_other_domain,union,os04,713.325073242,sampled
IDL-000374,IDL,cs03,os04,communication,observation,2459,2464,2025-01-01T20:29:30.000000Z,2025-01-01T20:32:00.000000Z,150.000000000,5,35249.414062500,35240.839843750,35266.328125000,80.000000000,0959490dcfeedeafc8e9e01f868552fc1a757f1f2924fe4d8aaab468b9881130,nearest_visible_satellite_in_each_other_domain,union,cs03,714.788879395,sampled
IDL-000375,IDL,cs03,os04,communication,observation,2465,2497,2025-01-01T20:32:30.000000Z,2025-01-01T20:48:30.000000Z,960.000000000,32,36980.429687500,35292.738281250,39608.078125000,80.000000000,0959490dcfeedeafc8e9e01f868552fc1a757f1f2924fe4d8aaab468b9881130,nearest_visible_satellite_in_each_other_domain,union,os04,714.878417969,sampled
IDL-000376,IDL,cs03,os04,communication,observation,2622,2650,2025-01-01T21:51:00.000000Z,2025-01-01T22:05:00.000000Z,840.000000000,28,37257.558593750,35529.472656250,39647.445312500,80.000000000,0959490dcfeedeafc8e9e01f868552fc1a757f1f2924fe4d8aaab468b9881130,nearest_visible_satellite_in_each_other_domain,union,os04,701.962707520,sampled
IDL-000377,IDL,cs03,os04,communication,observation,2655,2660,2025-01-01T22:07:30.000000Z,2025-01-01T22:10:00.000000Z,150.000000000,5,35297.960937500,35289.445312500,35314.320312500,80.000000000,0959490dcfeedeafc8e9e01f868552fc1a757f1f2924fe4d8aaab468b9881130,nearest_visible_satellite_in_each_other_domain,union,cs03,714.318603516,sampled
IDL-000378,IDL,cs03,os04,communication,observation,2812,2817,2025-01-01T23:26:00.000000Z,2025-01-01T23:28:30.000000Z,150.000000000,5,40796.832031250,40427.289062500,41169.878906250,80.000000000,0959490dcfeedeafc8e9e01f868552fc1a757f1f2924fe4d8aaab468b9881130,nearest_visible_satellite_in_each_other_domain,union,os04,699.349731445,sampled
IDL-000379,IDL,cs03,os04,communication,observation,2851,2855,2025-01-01T23:45:30.000000Z,2025-01-01T23:47:30.000000Z,120.000000000,4,36758.421875000,36746.375000000,36777.234375000,80.000000000,0959490dcfeedeafc8e9e01f868552fc1a757f1f2924fe4d8aaab468b9881130,nearest_visible_satellite_in_each_other_domain,union,cs03,713.807861328,sampled
IDL-000380,IDL,cs03,os05,communication,observation,16,79,2025-01-01T00:08:00.000000Z,2025-01-01T00:39:30.000000Z,1890.000000000,63,40334.128906250,37952.699218750,44596.753906250,80.000000000,0959490dcfeedeafc8e9e01f868552fc1a757f1f2924fe4d8aaab468b9881130,nearest_visible_satellite_in_each_other_domain,union,both,62.737838745,sampled
IDL-000381,IDL,cs03,os05,communication,observation,198,267,2025-01-01T01:39:00.000000Z,2025-01-01T02:13:30.000000Z,2070.000000000,69,41998.750000000,40519.933593750,44671.105468750,80.000000000,0959490dcfeedeafc8e9e01f868552fc1a757f1f2924fe4d8aaab468b9881130,nearest_visible_satellite_in_each_other_domain,union,both,31.661809921,sampled
IDL-000382,IDL,cs03,os05,communication,observation,355,419,2025-01-01T02:57:30.000000Z,2025-01-01T03:29:30.000000Z,1920.000000000,64,42651.214843750,41690.898437500,43826.867187500,80.000000000,0959490dcfeedeafc8e9e01f868552fc1a757f1f2924fe4d8aaab468b9881130,nearest_visible_satellite_in_each_other_domain,union,cs03,354.767303467,sampled
IDL-000383,IDL,cs03,os05,communication,observation,427,429,2025-01-01T03:33:30.000000Z,2025-01-01T03:34:30.000000Z,60.000000000,2,41762.664062500,41754.050781250,41771.273437500,80.000000000,0959490dcfeedeafc8e9e01f868552fc1a757f1f2924fe4d8aaab468b9881130,nearest_visible_satellite_in_each_other_domain,union,os05,694.699584961,sampled
IDL-000384,IDL,cs03,os05,communication,observation,503,588,2025-01-01T04:11:30.000000Z,2025-01-01T04:54:00.000000Z,2550.000000000,85,42187.003906250,39636.914062500,44550.136718750,80.000000000,0959490dcfeedeafc8e9e01f868552fc1a757f1f2924fe4d8aaab468b9881130,nearest_visible_satellite_in_each_other_domain,union,cs03,101.943656921,sampled
IDL-000385,IDL,cs03,os05,communication,observation,622,624,2025-01-01T05:11:00.000000Z,2025-01-01T05:12:00.000000Z,60.000000000,2,41566.570312500,41513.406250000,41619.738281250,80.000000000,0959490dcfeedeafc8e9e01f868552fc1a757f1f2924fe4d8aaab468b9881130,nearest_visible_satellite_in_each_other_domain,union,os05,696.879821777,sampled
IDL-000386,IDL,cs03,os05,communication,observation,715,781,2025-01-01T05:57:30.000000Z,2025-01-01T06:30:30.000000Z,1980.000000000,66,40278.203125000,37134.023437500,44761.324218750,80.000000000,0959490dcfeedeafc8e9e01f868552fc1a757f1f2924fe4d8aaab468b9881130,nearest_visible_satellite_in_each_other_domain,union,cs03,7.348131180,sampled
IDL-000387,IDL,cs03,os05,communication,observation,815,820,2025-01-01T06:47:30.000000Z,2025-01-01T06:50:00.000000Z,150.000000000,5,41028.519531250,40676.316406250,41384.003906250,80.000000000,0959490dcfeedeafc8e9e01f868552fc1a757f1f2924fe4d8aaab468b9881130,nearest_visible_satellite_in_each_other_domain,union,os05,696.247802734,sampled
IDL-000388,IDL,cs03,os05,communication,observation,914,976,2025-01-01T07:37:00.000000Z,2025-01-01T08:08:00.000000Z,1860.000000000,62,39131.566406250,35460.875000000,44765.144531250,80.000000000,0959490dcfeedeafc8e9e01f868552fc1a757f1f2924fe4d8aaab468b9881130,nearest_visible_satellite_in_each_other_domain,union,cs03,4.870977402,sampled
IDL-000389,IDL,cs03,os05,communication,observation,991,1012,2025-01-01T08:15:30.000000Z,2025-01-01T08:26:00.000000Z,630.000000000,21,38346.949218750,36648.792968750,40309.710937500,80.000000000,0959490dcfeedeafc8e9e01f868552fc1a757f1f2924fe4d8aaab468b9881130,nearest_visible_satellite_in_each_other_domain,union,os05,695.858581543,sampled
IDL-000390,IDL,cs03,os05,communication,observation,1111,1178,2025-01-01T09:15:30.000000Z,2025-01-01T09:49:00.000000Z,2010.000000000,67,38490.433593750,35143.066406250,44726.781250000,80.000000000,0959490dcfeedeafc8e9e01f868552fc1a757f1f2924fe4d8aaab468b9881130,nearest_visible_satellite_in_each_other_domain,union,both,22.040554047,sampled
IDL-000391,IDL,cs03,os05,communication,observation,1306,1368,2025-01-01T10:53:00.000000Z,2025-01-01T11:24:00.000000Z,1860.000000000,62,39397.601562500,36282.742187500,44721.628906250,80.000000000,0959490dcfeedeafc8e9e01f868552fc1a757f1f2924fe4d8aaab468b9881130,nearest_visible_satellite_in_each_other_domain,union,both,25.060995102,sampled
IDL-000392,IDL,cs03,os05,communication,observation,1497,1562,2025-01-01T12:28:30.000000Z,2025-01-01T13:01:00.000000Z,1950.000000000,65,40750.031250000,38516.511718750,44749.207031250,80.000000000,0959490dcfeedeafc8e9e01f868552fc1a757f1f2924fe4d8aaab468b9881130,nearest_visible_satellite_in_each_other_domain,union,both,14.409507751,sampled
IDL-000393,IDL,cs03,os05,communication,observation,1673,1746,2025-01-01T13:56:30.000000Z,2025-01-01T14:33:00.000000Z,2190.000000000,73,42398.218750000,41032.976562500,44752.585937500,80.000000000,0959490dcfeedeafc8e9e01f868552fc1a757f1f2924fe4d8aaab468b9881130,nearest_visible_satellite_in_each_other_domain,union,both,14.215334892,sampled
IDL-000394,IDL,cs03,os05,communication,observation,1826,1891,2025-01-01T15:13:00.000000Z,2025-01-01T15:45:30.000000Z,1950.000000000,65,42517.628906250,41428.144531250,43680.183593750,80.000000000,0959490dcfeedeafc8e9e01f868552fc1a757f1f2924fe4d8aaab468b9881130,nearest_visible_satellite_in_each_other_domain,union,cs03,394.305297852,sampled
IDL-000395,IDL,cs03,os05,communication,observation,1911,1912,2025-01-01T15:55:30.000000Z,2025-01-01T15:56:00.000000Z,30.000000000,1,41748.914062500,41748.914062500,41748.914062500,80.000000000,0959490dcfeedeafc8e9e01f868552fc1a757f1f2924fe4d8aaab468b9881130,nearest_visible_satellite_in_each_other_domain,union,os05,709.847717285,sampled
IDL-000396,IDL,cs03,os05,communication,observation,1994,2070,2025-01-01T16:37:00.000000Z,2025-01-01T17:15:00.000000Z,2280.000000000,76,41702.617187500,39046.328125000,44713.835937500,80.000000000,0959490dcfeedeafc8e9e01f868552fc1a757f1f2924fe4d8aaab468b9881130,nearest_visible_satellite_in_each_other_domain,union,cs03,11.562234879,sampled
IDL-000397,IDL,cs03,os05,communication,observation,2106,2108,2025-01-01T17:33:00.000000Z,2025-01-01T17:34:00.000000Z,60.000000000,2,41547.085937500,41484.593750000,41609.582031250,80.000000000,0959490dcfeedeafc8e9e01f868552fc1a757f1f2924fe4d8aaab468b9881130,nearest_visible_satellite_in_each_other_domain,union,os05,712.502685547,sampled
IDL-000398,IDL,cs03,os05,communication,observation,2200,2264,2025-01-01T18:20:00.000000Z,2025-01-01T18:52:00.000000Z,1920.000000000,64,39926.113281250,36660.437500000,44695.015625000,80.000000000,0959490dcfeedeafc8e9e01f868552fc1a757f1f2924fe4d8aaab468b9881130,nearest_visible_satellite_in_each_other_domain,union,cs03,21.021942139,sampled
IDL-000399,IDL,cs03,os05,communication,observation,2297,2303,2025-01-01T19:08:30.000000Z,2025-01-01T19:11:30.000000Z,180.000000000,6,40727.222656250,40262.742187500,41197.644531250,80.000000000,0959490dcfeedeafc8e9e01f868552fc1a757f1f2924fe4d8aaab468b9881130,nearest_visible_satellite_in_each_other_domain,union,os05,713.240295410,sampled
IDL-000400,IDL,cs03,os05,communication,observation,2398,2459,2025-01-01T19:59:00.000000Z,2025-01-01T20:29:30.000000Z,1830.000000000,61,38995.660156250,35255.878906250,44739.054687500,80.000000000,0959490dcfeedeafc8e9e01f868552fc1a757f1f2924fe4d8aaab468b9881130,nearest_visible_satellite_in_each_other_domain,union,cs03,1.976218581,sampled
IDL-000401,IDL,cs03,os05,communication,observation,2462,2493,2025-01-01T20:31:00.000000Z,2025-01-01T20:46:30.000000Z,930.000000000,31,37095.089843750,35356.117187500,39688.105468750,80.000000000,0959490dcfeedeafc8e9e01f868552fc1a757f1f2924fe4d8aaab468b9881130,nearest_visible_satellite_in_each_other_domain,union,os05,714.805908203,sampled
IDL-000402,IDL,cs03,os05,communication,observation,2595,2655,2025-01-01T21:37:30.000000Z,2025-01-01T22:07:30.000000Z,1800.000000000,60,38840.398437500,35271.378906250,44624.539062500,80.000000000,0959490dcfeedeafc8e9e01f868552fc1a757f1f2924fe4d8aaab468b9881130,nearest_visible_satellite_in_each_other_domain,union,both,52.086357117,sampled
IDL-000403,IDL,cs03,os05,communication,observation,2789,2851,2025-01-01T23:14:30.000000Z,2025-01-01T23:45:30.000000Z,1860.000000000,62,39650.796875000,36701.636718750,44713.863281250,80.000000000,0959490dcfeedeafc8e9e01f868552fc1a757f1f2924fe4d8aaab468b9881130,nearest_visible_satellite_in_each_other_domain,union,both,12.696928024,sampled
IDL-000404,IDL,cs04,ns01,communication,navigation,2022,2510,2025-01-01T16:51:00.000000Z,2025-01-01T20:55:00.000000Z,14640.000000000,488,21281.460937500,15192.159179688,32428.626953125,80.000000000,0959490dcfeedeafc8e9e01f868552fc1a757f1f2924fe4d8aaab468b9881130,nearest_visible_satellite_in_each_other_domain,union,both,21493.218750000,sampled
IDL-000405,IDL,cs04,ns02,communication,navigation,1143,2039,2025-01-01T09:31:30.000000Z,2025-01-01T16:59:30.000000Z,26880.000000000,896,31026.830078125,25431.236328125,35025.070312500,80.000000000,0959490dcfeedeafc8e9e01f868552fc1a757f1f2924fe4d8aaab468b9881130,nearest_visible_satellite_in_each_other_domain,union,both,21311.812500000,sampled
IDL-000406,IDL,cs04,ns03,communication,navigation,668,1143,2025-01-01T05:34:00.000000Z,2025-01-01T09:31:30.000000Z,14250.000000000,475,20356.412109375,14416.575195312,30428.898437500,80.000000000,0959490dcfeedeafc8e9e01f868552fc1a757f1f2924fe4d8aaab468b9881130,nearest_visible_satellite_in_each_other_domain,union,both,21471.773437500,sampled
IDL-000407,IDL,cs04,ns04,communication,navigation,0,683,2025-01-01T00:00:00.000000Z,2025-01-01T05:41:30.000000Z,20490.000000000,683,31813.443359375,28234.806640625,34666.621093750,80.000000000,0959490dcfeedeafc8e9e01f868552fc1a757f1f2924fe4d8aaab468b9881130,nearest_visible_satellite_in_each_other_domain,union,both,21353.609375000,sampled
IDL-000408,IDL,cs04,ns05,communication,navigation,2510,2881,2025-01-01T20:55:00.000000Z,2025-01-02T00:00:00.000000Z,11100.000000000,371,25397.652343750,22734.056640625,31052.035156250,80.000000000,0959490dcfeedeafc8e9e01f868552fc1a757f1f2924fe4d8aaab468b9881130,nearest_visible_satellite_in_each_other_domain,union,cs04,21519.279296875,sampled
IDL-000409,IDL,cs04,os01,communication,observation,51,53,2025-01-01T00:25:30.000000Z,2025-01-01T00:26:30.000000Z,60.000000000,2,41658.468750000,41615.699218750,41701.238281250,80.000000000,0959490dcfeedeafc8e9e01f868552fc1a757f1f2924fe4d8aaab468b9881130,nearest_visible_satellite_in_each_other_domain,union,os01,696.643432617,sampled
IDL-000410,IDL,cs04,os01,communication,observation,85,166,2025-01-01T00:42:30.000000Z,2025-01-01T01:23:00.000000Z,2430.000000000,81,42280.785156250,40282.605468750,44092.128906250,80.000000000,0959490dcfeedeafc8e9e01f868552fc1a757f1f2924fe4d8aaab468b9881130,nearest_visible_satellite_in_each_other_domain,union,cs04,269.625122070,sampled
IDL-000411,IDL,cs04,os01,communication,observation,242,310,2025-01-01T02:01:00.000000Z,2025-01-01T02:35:00.000000Z,2040.000000000,68,42764.093750000,41748.460937500,44169.996093750,80.000000000,0959490dcfeedeafc8e9e01f868552fc1a757f1f2924fe4d8aaab468b9881130,nearest_visible_satellite_in_each_other_domain,union,both,249.981323242,sampled
IDL-000412,IDL,cs04,os01,communication,observation,405,472,2025-01-01T03:22:30.000000Z,2025-01-01T03:56:00.000000Z,2010.000000000,67,41586.191406250,39893.335937500,44669.460937500,80.000000000,0959490dcfeedeafc8e9e01f868552fc1a757f1f2924fe4d8aaab468b9881130,nearest_visible_satellite_in_each_other_domain,union,both,40.535697937,sampled
IDL-000413,IDL,cs04,os01,communication,observation,596,659,2025-01-01T04:58:00.000000Z,2025-01-01T05:29:30.000000Z,1890.000000000,63,40050.886718750,37363.957031250,44743.207031250,80.000000000,0959490dcfeedeafc8e9e01f868552fc1a757f1f2924fe4d8aaab468b9881130,nearest_visible_satellite_in_each_other_domain,union,both,2.804420710,sampled
IDL-000414,IDL,cs04,os01,communication,observation,791,852,2025-01-01T06:35:30.000000Z,2025-01-01T07:06:00.000000Z,1830.000000000,61,38969.250000000,35575.941406250,44654.042968750,80.000000000,0959490dcfeedeafc8e9e01f868552fc1a757f1f2924fe4d8aaab468b9881130,nearest_visible_satellite_in_each_other_domain,union,both,39.986629486,sampled
IDL-000415,IDL,cs04,os01,communication,observation,960,1048,2025-01-01T08:00:00.000000Z,2025-01-01T08:44:00.000000Z,2640.000000000,88,38053.195312500,35106.390625000,44669.832031250,80.000000000,0959490dcfeedeafc8e9e01f868552fc1a757f1f2924fe4d8aaab468b9881130,nearest_visible_satellite_in_each_other_domain,union,both,32.491115570,sampled
IDL-000416,IDL,cs04,os01,communication,observation,1145,1154,2025-01-01T09:32:30.000000Z,2025-01-01T09:37:00.000000Z,270.000000000,9,40087.375000000,39314.488281250,40881.437500000,80.000000000,0959490dcfeedeafc8e9e01f868552fc1a757f1f2924fe4d8aaab468b9881130,nearest_visible_satellite_in_each_other_domain,union,os01,708.730957031,sampled
IDL-000417,IDL,cs04,os01,communication,observation,1183,1246,2025-01-01T09:51:30.000000Z,2025-01-01T10:23:00.000000Z,1890.000000000,63,39570.511718750,36105.878906250,44742.210937500,80.000000000,0959490dcfeedeafc8e9e01f868552fc1a757f1f2924fe4d8aaab468b9881130,nearest_visible_satellite_in_each_other_domain,union,cs04,0.888192475,sampled
IDL-000418,IDL,cs04,os01,communication,observation,1339,1342,2025-01-01T11:09:30.000000Z,2025-01-01T11:11:00.000000Z,90.000000000,3,41371.925781250,41225.097656250,41519.304687500,80.000000000,0959490dcfeedeafc8e9e01f868552fc1a757f1f2924fe4d8aaab468b9881130,nearest_visible_satellite_in_each_other_domain,union,os01,710.957153320,sampled
IDL-000419,IDL,cs04,os01,communication,observation,1378,1447,2025-01-01T11:29:00.000000Z,2025-01-01T12:03:30.000000Z,2070.000000000,69,41072.093750000,38259.964843750,44698.640625000,80.000000000,0959490dcfeedeafc8e9e01f868552fc1a757f1f2924fe4d8aaab468b9881130,nearest_visible_satellite_in_each_other_domain,union,cs04,22.006162643,sampled
IDL-000420,IDL,cs04,os01,communication,observation,1535,1536,2025-01-01T12:47:30.000000Z,2025-01-01T12:48:00.000000Z,30.000000000,1,41709.976562500,41709.976562500,41709.976562500,80.000000000,0959490dcfeedeafc8e9e01f868552fc1a757f1f2924fe4d8aaab468b9881130,nearest_visible_satellite_in_each_other_domain,union,os01,710.274841309,sampled
IDL-000421,IDL,cs04,os01,communication,observation,1565,1639,2025-01-01T13:02:30.000000Z,2025-01-01T13:39:30.000000Z,2220.000000000,74,42354.550781250,40826.320312500,43797.070312500,80.000000000,0959490dcfeedeafc8e9e01f868552fc1a757f1f2924fe4d8aaab468b9881130,nearest_visible_satellite_in_each_other_domain,union,cs04,356.701049805,sampled
IDL-000422,IDL,cs04,os01,communication,observation,1712,1788,2025-01-01T14:16:00.000000Z,2025-01-01T14:54:00.000000Z,2280.000000000,76,42765.695312500,41563.480468750,44589.339843750,80.000000000,0959490dcfeedeafc8e9e01f868552fc1a757f1f2924fe4d8aaab468b9881130,nearest_visible_satellite_in_each_other_domain,union,both,68.943862915,sampled
IDL-000423,IDL,cs04,os01,communication,observation,1887,1953,2025-01-01T15:43:30.000000Z,2025-01-01T16:16:30.000000Z,1980.000000000,66,41255.214843750,39307.070312500,44740.812500000,80.000000000,0959490dcfeedeafc8e9e01f868552fc1a757f1f2924fe4d8aaab468b9881130,nearest_visible_satellite_in_each_other_domain,union,both,11.320929527,sampled
IDL-000424,IDL,cs04,os01,communication,observation,2080,2141,2025-01-01T17:20:00.000000Z,2025-01-01T17:50:30.000000Z,1830.000000000,61,39725.996093750,36870.070312500,44598.851562500,80.000000000,0959490dcfeedeafc8e9e01f868552fc1a757f1f2924fe4d8aaab468b9881130,nearest_visible_satellite_in_each_other_domain,union,both,75.859954834,sampled
IDL-000425,IDL,cs04,os01,communication,observation,2275,2336,2025-01-01T18:57:30.000000Z,2025-01-01T19:28:00.000000Z,1830.000000000,61,38915.109375000,35338.761718750,44745.175781250,80.000000000,0959490dcfeedeafc8e9e01f868552fc1a757f1f2924fe4d8aaab468b9881130,nearest_visible_satellite_in_each_other_domain,union,both,13.069800377,sampled
IDL-000426,IDL,cs04,os01,communication,observation,2439,2532,2025-01-01T20:19:30.000000Z,2025-01-01T21:06:00.000000Z,2790.000000000,93,38175.968750000,35200.679687500,44686.882812500,80.000000000,0959490dcfeedeafc8e9e01f868552fc1a757f1f2924fe4d8aaab468b9881130,nearest_visible_satellite_in_each_other_domain,union,both,39.175678253,sampled
IDL-000427,IDL,cs04,os01,communication,observation,2628,2634,2025-01-01T21:54:00.000000Z,2025-01-01T21:57:00.000000Z,180.000000000,6,40569.082031250,40096.363281250,41048.148437500,80.000000000,0959490dcfeedeafc8e9e01f868552fc1a757f1f2924fe4d8aaab468b9881130,nearest_visible_satellite_in_each_other_domain,union,os01,699.528930664,sampled
IDL-000428,IDL,cs04,os01,communication,observation,2667,2730,2025-01-01T22:13:30.000000Z,2025-01-01T22:45:00.000000Z,1890.000000000,63,39845.242187500,36499.781250000,44684.824218750,80.000000000,0959490dcfeedeafc8e9e01f868552fc1a757f1f2924fe4d8aaab468b9881130,nearest_visible_satellite_in_each_other_domain,union,cs04,39.619079590,sampled
IDL-000429,IDL,cs04,os01,communication,observation,2822,2825,2025-01-01T23:31:00.000000Z,2025-01-01T23:32:30.000000Z,90.000000000,3,41507.722656250,41376.542968750,41639.460937500,80.000000000,0959490dcfeedeafc8e9e01f868552fc1a757f1f2924fe4d8aaab468b9881130,nearest_visible_satellite_in_each_other_domain,union,os01,698.113586426,sampled
IDL-000430,IDL,cs04,os01,communication,observation,2860,2881,2025-01-01T23:50:00.000000Z,2025-01-02T00:00:00.000000Z,600.000000000,21,39163.457031250,38826.332031250,39742.652343750,80.000000000,0959490dcfeedeafc8e9e01f868552fc1a757f1f2924fe4d8aaab468b9881130,nearest_visible_satellite_in_each_other_domain,union,cs04,712.516479492,sampled
IDL-000431,IDL,cs04,os02,communication,observation,47,48,2025-01-01T00:23:30.000000Z,2025-01-01T00:24:00.000000Z,30.000000000,1,41666.824218750,41666.824218750,41666.824218750,80.000000000,0959490dcfeedeafc8e9e01f868552fc1a757f1f2924fe4d8aaab468b9881130,nearest_visible_satellite_in_each_other_domain,union,os02,697.307678223,sampled
IDL-000432,IDL,cs04,os02,communication,observation,81,85,2025-01-01T00:40:30.000000Z,2025-01-01T00:42:30.000000Z,120.000000000,4,40247.628906250,40226.832031250,40271.441406250,80.000000000,0959490dcfeedeafc8e9e01f868552fc1a757f1f2924fe4d8aaab468b9881130,nearest_visible_satellite_in_each_other_domain,union,cs04,710.833312988,sampled
IDL-000433,IDL,cs04,os02,communication,observation,239,242,2025-01-01T01:59:30.000000Z,2025-01-01T02:01:00.000000Z,90.000000000,3,41755.632812500,41754.960937500,41756.773437500,80.000000000,0959490dcfeedeafc8e9e01f868552fc1a757f1f2924fe4d8aaab468b9881130,nearest_visible_satellite_in_each_other_domain,union,cs04,694.221069336,sampled
IDL-000434,IDL,cs04,os02,communication,observation,243,244,2025-01-01T02:01:30.000000Z,2025-01-01T02:02:00.000000Z,30.000000000,1,41761.621093750,41761.621093750,41761.621093750,80.000000000,0959490dcfeedeafc8e9e01f868552fc1a757f1f2924fe4d8aaab468b9881130,nearest_visible_satellite_in_each_other_domain,union,os02,694.880920410,sampled
IDL-000435,IDL,cs04,os02,communication,observation,401,405,2025-01-01T03:20:30.000000Z,2025-01-01T03:22:30.000000Z,120.000000000,4,39979.332031250,39960.875000000,40001.093750000,80.000000000,0959490dcfeedeafc8e9e01f868552fc1a757f1f2924fe4d8aaab468b9881130,nearest_visible_satellite_in_each_other_domain,union,cs04,698.128906250,sampled
IDL-000436,IDL,cs04,os02,communication,observation,438,440,2025-01-01T03:39:00.000000Z,2025-01-01T03:40:00.000000Z,60.000000000,2,41639.328125000,41591.089843750,41687.566406250,80.000000000,0959490dcfeedeafc8e9e01f868552fc1a757f1f2924fe4d8aaab468b9881130,nearest_visible_satellite_in_each_other_domain,union,os02,696.132568359,sampled
IDL-000437,IDL,cs04,os02,communication,observation,592,596,2025-01-01T04:56:00.000000Z,2025-01-01T04:58:00.000000Z,120.000000000,4,37432.050781250,37416.019531250,37454.097656250,80.000000000,0959490dcfeedeafc8e9e01f868552fc1a757f1f2924fe4d8aaab468b9881130,nearest_visible_satellite_in_each_other_domain,union,cs04,699.588378906,sampled
IDL-000438,IDL,cs04,os02,communication,observation,632,635,2025-01-01T05:16:00.000000Z,2025-01-01T05:17:30.000000Z,90.000000000,3,41149.316406250,40979.531250000,41319.640625000,80.000000000,0959490dcfeedeafc8e9e01f868552fc1a757f1f2924fe4d8aaab468b9881130,nearest_visible_satellite_in_each_other_domain,union,os02,696.425170898,sampled
IDL-000439,IDL,cs04,os02,communication,observation,787,791,2025-01-01T06:33:30.000000Z,2025-01-01T06:35:30.000000Z,120.000000000,4,35612.273437500,35603.566406250,35629.140625000,80.000000000,0959490dcfeedeafc8e9e01f868552fc1a757f1f2924fe4d8aaab468b9881130,nearest_visible_satellite_in_each_other_domain,union,cs04,700.240112305,sampled
IDL-000440,IDL,cs04,os02,communication,observation,812,828,2025-01-01T06:46:00.000000Z,2025-01-01T06:54:00.000000Z,480.000000000,16,38929.835937500,37546.218750000,40434.714843750,80.000000000,0959490dcfeedeafc8e9e01f868552fc1a757f1f2924fe4d8aaab468b9881130,nearest_visible_satellite_in_each_other_domain,union,os02,695.838134766,sampled
IDL-000441,IDL,cs04,os02,communication,observation,957,1000,2025-01-01T07:58:30.000000Z,2025-01-01T08:20:00.000000Z,1290.000000000,43,35915.109375000,35101.382812500,38096.792968750,80.000000000,0959490dcfeedeafc8e9e01f868552fc1a757f1f2924fe4d8aaab468b9881130,nearest_visible_satellite_in_each_other_domain,union,both,697.896606445,sampled
IDL-000442,IDL,cs04,os02,communication,observation,1141,1150,2025-01-01T09:30:30.000000Z,2025-01-01T09:35:00.000000Z,270.000000000,9,40007.746093750,39234.718750000,40802.660156250,80.000000000,0959490dcfeedeafc8e9e01f868552fc1a757f1f2924fe4d8aaab468b9881130,nearest_visible_satellite_in_each_other_domain,union,os02,708.641479492,sampled
IDL-000443,IDL,cs04,os02,communication,observation,1179,1183,2025-01-01T09:49:30.000000Z,2025-01-01T09:51:30.000000Z,120.000000000,4,36078.437500000,36069.398437500,36095.074218750,80.000000000,0959490dcfeedeafc8e9e01f868552fc1a757f1f2924fe4d8aaab468b9881130,nearest_visible_satellite_in_each_other_domain,union,cs04,701.103149414,sampled
IDL-000444,IDL,cs04,os02,communication,observation,1335,1337,2025-01-01T11:07:30.000000Z,2025-01-01T11:08:30.000000Z,60.000000000,2,41386.289062500,41311.800781250,41460.773437500,80.000000000,0959490dcfeedeafc8e9e01f868552fc1a757f1f2924fe4d8aaab468b9881130,nearest_visible_satellite_in_each_other_domain,union,os02,711.095397949,sampled
IDL-000445,IDL,cs04,os02,communication,observation,1373,1378,2025-01-01T11:26:30.000000Z,2025-01-01T11:29:00.000000Z,150.000000000,5,38221.613281250,38200.539062500,38252.933593750,80.000000000,0959490dcfeedeafc8e9e01f868552fc1a757f1f2924fe4d8aaab468b9881130,nearest_visible_satellite_in_each_other_domain,union,cs04,701.766601562,sampled
IDL-000446,IDL,cs04,os02,communication,observation,1530,1532,2025-01-01T12:45:00.000000Z,2025-01-01T12:46:00.000000Z,60.000000000,2,41717.085937500,41683.089843750,41751.082031250,80.000000000,0959490dcfeedeafc8e9e01f868552fc1a757f1f2924fe4d8aaab468b9881130,nearest_visible_satellite_in_each_other_domain,union,os02,709.438903809,sampled
IDL-000447,IDL,cs04,os02,communication,observation,1561,1565,2025-01-01T13:00:30.000000Z,2025-01-01T13:02:30.000000Z,120.000000000,4,40793.316406250,40773.972656250,40815.203125000,80.000000000,0959490dcfeedeafc8e9e01f868552fc1a757f1f2924fe4d8aaab468b9881130,nearest_visible_satellite_in_each_other_domain,union,cs04,704.263488770,sampled
IDL-000448,IDL,cs04,os02,communication,observation,1709,1712,2025-01-01T14:14:30.000000Z,2025-01-01T14:16:00.000000Z,90.000000000,3,41608.527343750,41600.492187500,41617.234375000,80.000000000,0959490dcfeedeafc8e9e01f868552fc1a757f1f2924fe4d8aaab468b9881130,nearest_visible_satellite_in_each_other_domain,union,cs04,715.278991699,sampled
IDL-000449,IDL,cs04,os02,communication,observation,1726,1728,2025-01-01T14:23:00.000000Z,2025-01-01T14:24:00.000000Z,60.000000000,2,41754.570312500,41741.558593750,41767.585937500,80.000000000,0959490dcfeedeafc8e9e01f868552fc1a757f1f2924fe4d8aaab468b9881130,nearest_visible_satellite_in_each_other_domain,union,os02,709.204467773,sampled
IDL-000450,IDL,cs04,os02,communication,observation,1882,1887,2025-01-01T15:41:00.000000Z,2025-01-01T15:43:30.000000Z,150.000000000,5,39394.648437500,39370.347656250,39426.660156250,80.000000000,0959490dcfeedeafc8e9e01f868552fc1a757f1f2924fe4d8aaab468b9881130,nearest_visible_satellite_in_each_other_domain,union,cs04,716.271850586,sampled
IDL-000451,IDL,cs04,os02,communication,observation,1922,1924,2025-01-01T16:01:00.000000Z,2025-01-01T16:02:00.000000Z,60.000000000,2,41627.871093750,41570.050781250,41685.691406250,80.000000000,0959490dcfeedeafc8e9e01f868552fc1a757f1f2924fe4d8aaab468b9881130,nearest_visible_satellite_in_each_other_domain,union,os02,711.495300293,sampled
IDL-000452,IDL,cs04,os02,communication,observation,2075,2080,2025-01-01T17:17:30.000000Z,2025-01-01T17:20:00.000000Z,150.000000000,5,36930.867187500,36917.570312500,36957.285156250,80.000000000,0959490dcfeedeafc8e9e01f868552fc1a757f1f2924fe4d8aaab468b9881130,nearest_visible_satellite_in_each_other_domain,union,cs04,715.444152832,sampled
IDL-000453,IDL,cs04,os02,communication,observation,2114,2119,2025-01-01T17:37:00.000000Z,2025-01-01T17:39:30.000000Z,150.000000000,5,40948.816406250,40586.746093750,41314.167968750,80.000000000,0959490dcfeedeafc8e9e01f868552fc1a757f1f2924fe4d8aaab468b9881130,nearest_visible_satellite_in_each_other_domain,union,os02,713.117492676,sampled
IDL-000454,IDL,cs04,os02,communication,observation,2271,2275,2025-01-01T18:55:30.000000Z,2025-01-01T18:57:30.000000Z,120.000000000,4,35364.363281250,35358.714843750,35372.859375000,80.000000000,0959490dcfeedeafc8e9e01f868552fc1a757f1f2924fe4d8aaab468b9881130,nearest_visible_satellite_in_each_other_domain,union,cs04,715.040893555,sampled
IDL-000455,IDL,cs04,os02,communication,observation,2285,2310,2025-01-01T19:02:30.000000Z,2025-01-01T19:15:00.000000Z,750.000000000,25,37771.523437500,35971.820312500,40023.070312500,80.000000000,0959490dcfeedeafc8e9e01f868552fc1a757f1f2924fe4d8aaab468b9881130,nearest_visible_satellite_in_each_other_domain,union,os02,714.510864258,sampled
IDL-000456,IDL,cs04,os02,communication,observation,2435,2471,2025-01-01T20:17:30.000000Z,2025-01-01T20:35:30.000000Z,1080.000000000,36,36551.796875000,35187.253906250,39238.468750000,80.000000000,0959490dcfeedeafc8e9e01f868552fc1a757f1f2924fe4d8aaab468b9881130,nearest_visible_satellite_in_each_other_domain,union,both,702.726684570,sampled
IDL-000457,IDL,cs04,os02,communication,observation,2623,2630,2025-01-01T21:51:30.000000Z,2025-01-01T21:55:00.000000Z,210.000000000,7,40588.554687500,40018.304687500,41168.121093750,80.000000000,0959490dcfeedeafc8e9e01f868552fc1a757f1f2924fe4d8aaab468b9881130,nearest_visible_satellite_in_each_other_domain,union,os02,699.348266602,sampled
IDL-000458,IDL,cs04,os02,communication,observation,2662,2667,2025-01-01T22:11:00.000000Z,2025-01-01T22:13:30.000000Z,150.000000000,5,36472.468750000,36458.281250000,36500.820312500,80.000000000,0959490dcfeedeafc8e9e01f868552fc1a757f1f2924fe4d8aaab468b9881130,nearest_visible_satellite_in_each_other_domain,union,cs04,713.827453613,sampled
IDL-000459,IDL,cs04,os02,communication,observation,2818,2820,2025-01-01T23:29:00.000000Z,2025-01-01T23:30:00.000000Z,60.000000000,2,41520.890625000,41454.164062500,41587.613281250,80.000000000,0959490dcfeedeafc8e9e01f868552fc1a757f1f2924fe4d8aaab468b9881130,nearest_visible_satellite_in_each_other_domain,union,os02,698.547973633,sampled
IDL-000460,IDL,cs04,os02,communication,observation,2856,2860,2025-01-01T23:48:00.000000Z,2025-01-01T23:50:00.000000Z,120.000000000,4,38786.554687500,38769.726562500,38807.882812500,80.000000000,0959490dcfeedeafc8e9e01f868552fc1a757f1f2924fe4d8aaab468b9881130,nearest_visible_satellite_in_each_other_domain,union,cs04,712.646789551,sampled
IDL-000461,IDL,cs04,os03,communication,observation,42,44,2025-01-01T00:21:00.000000Z,2025-01-01T00:22:00.000000Z,60.000000000,2,41676.179687500,41631.187500000,41721.175781250,80.000000000,0959490dcfeedeafc8e9e01f868552fc1a757f1f2924fe4d8aaab468b9881130,nearest_visible_satellite_in_each_other_domain,union,os03,696.190124512,sampled
IDL-000462,IDL,cs04,os03,communication,observation,77,81,2025-01-01T00:38:30.000000Z,2025-01-01T00:40:30.000000Z,120.000000000,4,40192.101562500,40170.886718750,40216.386718750,80.000000000,0959490dcfeedeafc8e9e01f868552fc1a757f1f2924fe4d8aaab468b9881130,nearest_visible_satellite_in_each_other_domain,union,cs04,710.983337402,sampled
IDL-000463,IDL,cs04,os03,communication,observation,236,240,2025-01-01T01:58:00.000000Z,2025-01-01T02:00:00.000000Z,120.000000000,4,41760.351562500,41758.937500000,41762.593750000,80.000000000,0959490dcfeedeafc8e9e01f868552fc1a757f1f2924fe4d8aaab468b9881130,nearest_visible_satellite_in_each_other_domain,union,both,694.381896973,sampled
IDL-000464,IDL,cs04,os03,communication,observation,397,401,2025-01-01T03:18:30.000000Z,2025-01-01T03:20:30.000000Z,120.000000000,4,40035.378906250,40017.503906250,40056.503906250,80.000000000,0959490dcfeedeafc8e9e01f868552fc1a757f1f2924fe4d8aaab468b9881130,nearest_visible_satellite_in_each_other_domain,union,cs04,698.050903320,sampled
IDL-000465,IDL,cs04,os03,communication,observation,434,436,2025-01-01T03:37:00.000000Z,2025-01-01T03:38:00.000000Z,60.000000000,2,41677.320312500,41629.726562500,41724.917968750,80.000000000,0959490dcfeedeafc8e9e01f868552fc1a757f1f2924fe4d8aaab468b9881130,nearest_visible_satellite_in_each_other_domain,union,os03,695.465515137,sampled
IDL-000466,IDL,cs04,os03,communication,observation,588,592,2025-01-01T04:54:00.000000Z,2025-01-01T04:56:00.000000Z,120.000000000,4,37479.984375000,37466.617187500,37499.312500000,80.000000000,0959490dcfeedeafc8e9e01f868552fc1a757f1f2924fe4d8aaab468b9881130,nearest_visible_satellite_in_each_other_domain,union,cs04,699.500061035,sampled
IDL-000467,IDL,cs04,os03,communication,observation,627,631,2025-01-01T05:13:30.000000Z,2025-01-01T05:15:30.000000Z,120.000000000,4,41133.160156250,40881.445312500,41386.523437500,80.000000000,0959490dcfeedeafc8e9e01f868552fc1a757f1f2924fe4d8aaab468b9881130,nearest_visible_satellite_in_each_other_domain,union,os03,696.347778320,sampled
IDL-000468,IDL,cs04,os03,communication,observation,783,787,2025-01-01T06:31:30.000000Z,2025-01-01T06:33:30.000000Z,120.000000000,4,35637.398437500,35630.410156250,35650.210937500,80.000000000,0959490dcfeedeafc8e9e01f868552fc1a757f1f2924fe4d8aaab468b9881130,nearest_visible_satellite_in_each_other_domain,union,cs04,700.149597168,sampled
IDL-000469,IDL,cs04,os03,communication,observation,808,824,2025-01-01T06:44:00.000000Z,2025-01-01T06:52:00.000000Z,480.000000000,16,39008.843750000,37619.796875000,40516.175781250,80.000000000,0959490dcfeedeafc8e9e01f868552fc1a757f1f2924fe4d8aaab468b9881130,nearest_visible_satellite_in_each_other_domain,union,os03,695.836425781,sampled
IDL-000470,IDL,cs04,os03,communication,observation,953,997,2025-01-01T07:56:30.000000Z,2025-01-01T08:18:30.000000Z,1320.000000000,44,35899.964843750,35095.566406250,38027.585937500,80.000000000,0959490dcfeedeafc8e9e01f868552fc1a757f1f2924fe4d8aaab468b9881130,nearest_visible_satellite_in_each_other_domain,union,both,697.640747070,sampled
IDL-000471,IDL,cs04,os03,communication,observation,1136,1146,2025-01-01T09:28:00.000000Z,2025-01-01T09:33:00.000000Z,300.000000000,10,40028.007812500,39154.929687500,40928.742187500,80.000000000,0959490dcfeedeafc8e9e01f868552fc1a757f1f2924fe4d8aaab468b9881130,nearest_visible_satellite_in_each_other_domain,union,os03,708.552001953,sampled
IDL-000472,IDL,cs04,os03,communication,observation,1174,1179,2025-01-01T09:47:00.000000Z,2025-01-01T09:49:30.000000Z,150.000000000,5,36043.855468750,36032.804687500,36065.937500000,80.000000000,0959490dcfeedeafc8e9e01f868552fc1a757f1f2924fe4d8aaab468b9881130,nearest_visible_satellite_in_each_other_domain,union,cs04,701.011474609,sampled
IDL-000473,IDL,cs04,os03,communication,observation,1330,1333,2025-01-01T11:05:00.000000Z,2025-01-01T11:06:30.000000Z,90.000000000,3,41401.808593750,41251.292968750,41552.847656250,80.000000000,0959490dcfeedeafc8e9e01f868552fc1a757f1f2924fe4d8aaab468b9881130,nearest_visible_satellite_in_each_other_domain,union,os03,711.005249023,sampled
IDL-000474,IDL,cs04,os03,communication,observation,1369,1373,2025-01-01T11:24:30.000000Z,2025-01-01T11:26:30.000000Z,120.000000000,4,38161.101562500,38145.773437500,38181.628906250,80.000000000,0959490dcfeedeafc8e9e01f868552fc1a757f1f2924fe4d8aaab468b9881130,nearest_visible_satellite_in_each_other_domain,union,cs04,701.906311035,sampled
IDL-000475,IDL,cs04,os03,communication,observation,1526,1528,2025-01-01T12:43:00.000000Z,2025-01-01T12:44:00.000000Z,60.000000000,2,41689.601562500,41654.933593750,41724.269531250,80.000000000,0959490dcfeedeafc8e9e01f868552fc1a757f1f2924fe4d8aaab468b9881130,nearest_visible_satellite_in_each_other_domain,union,os03,710.009582520,sampled
IDL-000476,IDL,cs04,os03,communication,observation,1557,1561,2025-01-01T12:58:30.000000Z,2025-01-01T13:00:30.000000Z,120.000000000,4,40740.300781250,40721.160156250,40762.035156250,80.000000000,0959490dcfeedeafc8e9e01f868552fc1a757f1f2924fe4d8aaab468b9881130,nearest_visible_satellite_in_each_other_domain,union,cs04,704.173339844,sampled
IDL-000477,IDL,cs04,os03,communication,observation,1706,1709,2025-01-01T14:13:00.000000Z,2025-01-01T14:14:30.000000Z,90.000000000,3,41630.777343750,41623.652343750,41638.578125000,80.000000000,0959490dcfeedeafc8e9e01f868552fc1a757f1f2924fe4d8aaab468b9881130,nearest_visible_satellite_in_each_other_domain,union,cs04,714.879516602,sampled
IDL-000478,IDL,cs04,os03,communication,observation,1722,1723,2025-01-01T14:21:00.000000Z,2025-01-01T14:21:30.000000Z,30.000000000,1,41751.933593750,41751.933593750,41751.933593750,80.000000000,0959490dcfeedeafc8e9e01f868552fc1a757f1f2924fe4d8aaab468b9881130,nearest_visible_satellite_in_each_other_domain,union,os03,709.768371582,sampled
IDL-000479,IDL,cs04,os03,communication,observation,1878,1882,2025-01-01T15:39:00.000000Z,2025-01-01T15:41:00.000000Z,120.000000000,4,39456.335937500,39435.382812500,39481.070312500,80.000000000,0959490dcfeedeafc8e9e01f868552fc1a757f1f2924fe4d8aaab468b9881130,nearest_visible_satellite_in_each_other_domain,union,cs04,716.324645996,sampled
IDL-000480,IDL,cs04,os03,communication,observation,1917,1919,2025-01-01T15:58:30.000000Z,2025-01-01T15:59:30.000000Z,60.000000000,2,41559.140625000,41502.796875000,41615.488281250,80.000000000,0959490dcfeedeafc8e9e01f868552fc1a757f1f2924fe4d8aaab468b9881130,nearest_visible_satellite_in_each_other_domain,union,os03,712.469665527,sampled
IDL-000481,IDL,cs04,os03,communication,observation,2071,2075,2025-01-01T17:15:30.000000Z,2025-01-01T17:17:30.000000Z,120.000000000,4,36977.730468750,36964.214843750,36997.746093750,80.000000000,0959490dcfeedeafc8e9e01f868552fc1a757f1f2924fe4d8aaab468b9881130,nearest_visible_satellite_in_each_other_domain,union,cs04,715.523437500,sampled
IDL-000482,IDL,cs04,os03,communication,observation,2110,2114,2025-01-01T17:35:00.000000Z,2025-01-01T17:37:00.000000Z,120.000000000,4,40930.281250000,40660.507812500,41201.738281250,80.000000000,0959490dcfeedeafc8e9e01f868552fc1a757f1f2924fe4d8aaab468b9881130,nearest_visible_satellite_in_each_other_domain,union,os03,713.248413086,sampled
IDL-000483,IDL,cs04,os03,communication,observation,2266,2271,2025-01-01T18:53:00.000000Z,2025-01-01T18:55:30.000000Z,150.000000000,5,35388.761718750,35380.292968750,35405.683593750,80.000000000,0959490dcfeedeafc8e9e01f868552fc1a757f1f2924fe4d8aaab468b9881130,nearest_visible_satellite_in_each_other_domain,union,cs04,714.901977539,sampled
IDL-000484,IDL,cs04,os03,communication,observation,2282,2306,2025-01-01T19:01:00.000000Z,2025-01-01T19:13:00.000000Z,720.000000000,24,37917.824218750,36128.605468750,40104.332031250,80.000000000,0959490dcfeedeafc8e9e01f868552fc1a757f1f2924fe4d8aaab468b9881130,nearest_visible_satellite_in_each_other_domain,union,os03,714.434265137,sampled
IDL-000485,IDL,cs04,os03,communication,observation,2431,2468,2025-01-01T20:15:30.000000Z,2025-01-01T20:34:00.000000Z,1110.000000000,37,36468.664062500,35175.523437500,39160.328125000,80.000000000,0959490dcfeedeafc8e9e01f868552fc1a757f1f2924fe4d8aaab468b9881130,nearest_visible_satellite_in_each_other_domain,union,both,702.879760742,sampled
IDL-000486,IDL,cs04,os03,communication,observation,2619,2626,2025-01-01T21:49:30.000000Z,2025-01-01T21:53:00.000000Z,210.000000000,7,40511.250000000,39939.933593750,41092.242187500,80.000000000,0959490dcfeedeafc8e9e01f868552fc1a757f1f2924fe4d8aaab468b9881130,nearest_visible_satellite_in_each_other_domain,union,os03,699.465881348,sampled
IDL-000487,IDL,cs04,os03,communication,observation,2658,2662,2025-01-01T22:09:00.000000Z,2025-01-01T22:11:00.000000Z,120.000000000,4,36426.269531250,36415.812500000,36443.878906250,80.000000000,0959490dcfeedeafc8e9e01f868552fc1a757f1f2924fe4d8aaab468b9881130,nearest_visible_satellite_in_each_other_domain,union,cs04,713.939514160,sampled
IDL-000488,IDL,cs04,os03,communication,observation,2814,2816,2025-01-01T23:27:00.000000Z,2025-01-01T23:28:00.000000Z,60.000000000,2,41467.414062500,41400.128906250,41534.703125000,80.000000000,0959490dcfeedeafc8e9e01f868552fc1a757f1f2924fe4d8aaab468b9881130,nearest_visible_satellite_in_each_other_domain,union,os03,698.678771973,sampled
IDL-000489,IDL,cs04,os03,communication,observation,2852,2856,2025-01-01T23:46:00.000000Z,2025-01-01T23:48:00.000000Z,120.000000000,4,38731.992187500,38713.511718750,38755.027343750,80.000000000,0959490dcfeedeafc8e9e01f868552fc1a757f1f2924fe4d8aaab468b9881130,nearest_visible_satellite_in_each_other_domain,union,cs04,712.775512695,sampled
IDL-000490,IDL,cs04,os04,communication,observation,38,40,2025-01-01T00:19:00.000000Z,2025-01-01T00:20:00.000000Z,60.000000000,2,41639.976562500,41594.335937500,41685.617187500,80.000000000,0959490dcfeedeafc8e9e01f868552fc1a757f1f2924fe4d8aaab468b9881130,nearest_visible_satellite_in_each_other_domain,union,os04,696.968139648,sampled
IDL-000491,IDL,cs04,os04,communication,observation,72,77,2025-01-01T00:36:00.000000Z,2025-01-01T00:38:30.000000Z,150.000000000,5,40130.316406250,40105.597656250,40161.316406250,80.000000000,0959490dcfeedeafc8e9e01f868552fc1a757f1f2924fe4d8aaab468b9881130,nearest_visible_satellite_in_each_other_domain,union,cs04,710.754516602,sampled
IDL-000492,IDL,cs04,os04,communication,observation,233,236,2025-01-01T01:56:30.000000Z,2025-01-01T01:58:00.000000Z,90.000000000,3,41761.457031250,41760.789062500,41762.222656250,80.000000000,0959490dcfeedeafc8e9e01f868552fc1a757f1f2924fe4d8aaab468b9881130,nearest_visible_satellite_in_each_other_domain,union,both,694.626953125,sampled
IDL-000493,IDL,cs04,os04,communication,observation,393,397,2025-01-01T03:16:30.000000Z,2025-01-01T03:18:30.000000Z,120.000000000,4,40091.382812500,40074.023437500,40111.937500000,80.000000000,0959490dcfeedeafc8e9e01f868552fc1a757f1f2924fe4d8aaab468b9881130,nearest_visible_satellite_in_each_other_domain,union,cs04,697.973693848,sampled
IDL-000494,IDL,cs04,os04,communication,observation,429,431,2025-01-01T03:34:30.000000Z,2025-01-01T03:35:30.000000Z,60.000000000,2,41621.128906250,41575.089843750,41667.167968750,80.000000000,0959490dcfeedeafc8e9e01f868552fc1a757f1f2924fe4d8aaab468b9881130,nearest_visible_satellite_in_each_other_domain,union,os04,696.417419434,sampled
IDL-000495,IDL,cs04,os04,communication,observation,583,588,2025-01-01T04:51:30.000000Z,2025-01-01T04:54:00.000000Z,150.000000000,5,37536.343750000,37518.066406250,37566.414062500,80.000000000,0959490dcfeedeafc8e9e01f868552fc1a757f1f2924fe4d8aaab468b9881130,nearest_visible_satellite_in_each_other_domain,union,cs04,699.412170410,sampled
IDL-000496,IDL,cs04,os04,communication,observation,623,627,2025-01-01T05:11:30.000000Z,2025-01-01T05:13:30.000000Z,120.000000000,4,41200.531250000,40950.074218750,41452.582031250,80.000000000,0959490dcfeedeafc8e9e01f868552fc1a757f1f2924fe4d8aaab468b9881130,nearest_visible_satellite_in_each_other_domain,union,os04,696.397216797,sampled
IDL-000497,IDL,cs04,os04,communication,observation,778,783,2025-01-01T06:29:00.000000Z,2025-01-01T06:31:30.000000Z,150.000000000,5,35669.695312500,35658.433593750,35692.187500000,80.000000000,0959490dcfeedeafc8e9e01f868552fc1a757f1f2924fe4d8aaab468b9881130,nearest_visible_satellite_in_each_other_domain,union,cs04,700.059387207,sampled
IDL-000498,IDL,cs04,os04,communication,observation,805,820,2025-01-01T06:42:30.000000Z,2025-01-01T06:50:00.000000Z,450.000000000,15,39181.019531250,37860.726562500,40597.515625000,80.000000000,0959490dcfeedeafc8e9e01f868552fc1a757f1f2924fe4d8aaab468b9881130,nearest_visible_satellite_in_each_other_domain,union,os04,695.836791992,sampled
IDL-000499,IDL,cs04,os04,communication,observation,949,994,2025-01-01T07:54:30.000000Z,2025-01-01T08:17:00.000000Z,1350.000000000,45,35891.707031250,35091.082031250,37959.273437500,80.000000000,0959490dcfeedeafc8e9e01f868552fc1a757f1f2924fe4d8aaab468b9881130,nearest_visible_satellite_in_each_other_domain,union,both,697.397277832,sampled
IDL-000500,IDL,cs04,os04,communication,observation,1132,1142,2025-01-01T09:26:00.000000Z,2025-01-01T09:31:00.000000Z,300.000000000,10,39948.117187500,39075.164062500,40849.652343750,80.000000000,0959490dcfeedeafc8e9e01f868552fc1a757f1f2924fe4d8aaab468b9881130,nearest_visible_satellite_in_each_other_domain,union,os04,708.462524414,sampled
IDL-000501,IDL,cs04,os04,communication,observation,1170,1174,2025-01-01T09:45:00.000000Z,2025-01-01T09:47:00.000000Z,120.000000000,4,36004.375000000,35997.585937500,36017.046875000,80.000000000,0959490dcfeedeafc8e9e01f868552fc1a757f1f2924fe4d8aaab468b9881130,nearest_visible_satellite_in_each_other_domain,union,cs04,701.150695801,sampled
IDL-000502,IDL,cs04,os04,communication,observation,1326,1329,2025-01-01T11:03:00.000000Z,2025-01-01T11:04:30.000000Z,90.000000000,3,41341.394531250,41189.871093750,41493.457031250,80.000000000,0959490dcfeedeafc8e9e01f868552fc1a757f1f2924fe4d8aaab468b9881130,nearest_visible_satellite_in_each_other_domain,union,os04,710.915161133,sampled
IDL-000503,IDL,cs04,os04,communication,observation,1365,1369,2025-01-01T11:22:30.000000Z,2025-01-01T11:24:30.000000Z,120.000000000,4,38109.101562500,38091.621093750,38131.828125000,80.000000000,0959490dcfeedeafc8e9e01f868552fc1a757f1f2924fe4d8aaab468b9881130,nearest_visible_satellite_in_each_other_domain,union,cs04,701.814392090,sampled
IDL-000504,IDL,cs04,os04,communication,observation,1522,1523,2025-01-01T12:41:00.000000Z,2025-01-01T12:41:30.000000Z,30.000000000,1,41696.187500000,41696.187500000,41696.187500000,80.000000000,0959490dcfeedeafc8e9e01f868552fc1a757f1f2924fe4d8aaab468b9881130,nearest_visible_satellite_in_each_other_domain,union,os04,710.504089355,sampled
IDL-000505,IDL,cs04,os04,communication,observation,1553,1557,2025-01-01T12:56:30.000000Z,2025-01-01T12:58:30.000000Z,120.000000000,4,40686.906250000,40667.906250000,40708.542968750,80.000000000,0959490dcfeedeafc8e9e01f868552fc1a757f1f2924fe4d8aaab468b9881130,nearest_visible_satellite_in_each_other_domain,union,cs04,704.083007812,sampled
IDL-000506,IDL,cs04,os04,communication,observation,1703,1706,2025-01-01T14:11:30.000000Z,2025-01-01T14:13:00.000000Z,90.000000000,3,41651.628906250,41645.367187500,41658.566406250,80.000000000,0959490dcfeedeafc8e9e01f868552fc1a757f1f2924fe4d8aaab468b9881130,nearest_visible_satellite_in_each_other_domain,union,cs04,714.410095215,sampled
IDL-000507,IDL,cs04,os04,communication,observation,1717,1719,2025-01-01T14:18:30.000000Z,2025-01-01T14:19:30.000000Z,60.000000000,2,41750.359375000,41739.734375000,41760.980468750,80.000000000,0959490dcfeedeafc8e9e01f868552fc1a757f1f2924fe4d8aaab468b9881130,nearest_visible_satellite_in_each_other_domain,union,os04,709.434875488,sampled
IDL-000508,IDL,cs04,os04,communication,observation,1874,1878,2025-01-01T15:37:00.000000Z,2025-01-01T15:39:00.000000Z,120.000000000,4,39512.175781250,39492.308593750,39535.773437500,80.000000000,0959490dcfeedeafc8e9e01f868552fc1a757f1f2924fe4d8aaab468b9881130,nearest_visible_satellite_in_each_other_domain,union,cs04,716.375244141,sampled
IDL-000509,IDL,cs04,os04,communication,observation,1913,1915,2025-01-01T15:56:30.000000Z,2025-01-01T15:57:30.000000Z,60.000000000,2,41604.054687500,41548.316406250,41659.789062500,80.000000000,0959490dcfeedeafc8e9e01f868552fc1a757f1f2924fe4d8aaab468b9881130,nearest_visible_satellite_in_each_other_domain,union,os04,711.931640625,sampled
IDL-000510,IDL,cs04,os04,communication,observation,2067,2071,2025-01-01T17:13:30.000000Z,2025-01-01T17:15:30.000000Z,120.000000000,4,37022.351562500,37011.816406250,37039.347656250,80.000000000,0959490dcfeedeafc8e9e01f868552fc1a757f1f2924fe4d8aaab468b9881130,nearest_visible_satellite_in_each_other_domain,union,cs04,715.600585938,sampled
IDL-000511,IDL,cs04,os04,communication,observation,2106,2110,2025-01-01T17:33:00.000000Z,2025-01-01T17:35:00.000000Z,120.000000000,4,41002.457031250,40733.695312500,41272.835937500,80.000000000,0959490dcfeedeafc8e9e01f868552fc1a757f1f2924fe4d8aaab468b9881130,nearest_visible_satellite_in_each_other_domain,union,os04,713.163208008,sampled
IDL-000512,IDL,cs04,os04,communication,observation,2262,2266,2025-01-01T18:51:00.000000Z,2025-01-01T18:53:00.000000Z,120.000000000,4,35407.796875000,35400.773437500,35420.492187500,80.000000000,0959490dcfeedeafc8e9e01f868552fc1a757f1f2924fe4d8aaab468b9881130,nearest_visible_satellite_in_each_other_domain,union,cs04,714.994079590,sampled
IDL-000513,IDL,cs04,os04,communication,observation,2278,2302,2025-01-01T18:59:00.000000Z,2025-01-01T19:11:00.000000Z,720.000000000,24,37989.792968750,36183.984375000,40185.703125000,80.000000000,0959490dcfeedeafc8e9e01f868552fc1a757f1f2924fe4d8aaab468b9881130,nearest_visible_satellite_in_each_other_domain,union,os04,714.356994629,sampled
IDL-000514,IDL,cs04,os04,communication,observation,2427,2465,2025-01-01T20:13:30.000000Z,2025-01-01T20:32:30.000000Z,1140.000000000,38,36391.960937500,35163.039062500,39082.679687500,80.000000000,0959490dcfeedeafc8e9e01f868552fc1a757f1f2924fe4d8aaab468b9881130,nearest_visible_satellite_in_each_other_domain,union,both,703.033752441,sampled
IDL-000515,IDL,cs04,os04,communication,observation,2615,2622,2025-01-01T21:47:30.000000Z,2025-01-01T21:51:00.000000Z,210.000000000,7,40433.539062500,39861.273437500,41015.835937500,80.000000000,0959490dcfeedeafc8e9e01f868552fc1a757f1f2924fe4d8aaab468b9881130,nearest_visible_satellite_in_each_other_domain,union,os04,699.585327148,sampled
IDL-000516,IDL,cs04,os04,communication,observation,2654,2658,2025-01-01T22:07:00.000000Z,2025-01-01T22:09:00.000000Z,120.000000000,4,36388.425781250,36374.531250000,36409.507812500,80.000000000,0959490dcfeedeafc8e9e01f868552fc1a757f1f2924fe4d8aaab468b9881130,nearest_visible_satellite_in_each_other_domain,union,cs04,714.049621582,sampled
IDL-000517,IDL,cs04,os04,communication,observation,2809,2812,2025-01-01T23:24:30.000000Z,2025-01-01T23:26:00.000000Z,90.000000000,3,41481.300781250,41345.074218750,41618.085937500,80.000000000,0959490dcfeedeafc8e9e01f868552fc1a757f1f2924fe4d8aaab468b9881130,nearest_visible_satellite_in_each_other_domain,union,os04,698.344543457,sampled
IDL-000518,IDL,cs04,os04,communication,observation,2848,2852,2025-01-01T23:44:00.000000Z,2025-01-01T23:46:00.000000Z,120.000000000,4,38677.921875000,38657.718750000,38702.726562500,80.000000000,0959490dcfeedeafc8e9e01f868552fc1a757f1f2924fe4d8aaab468b9881130,nearest_visible_satellite_in_each_other_domain,union,cs04,712.902587891,sampled
IDL-000519,IDL,cs04,os05,communication,observation,5,72,2025-01-01T00:02:30.000000Z,2025-01-01T00:36:00.000000Z,2010.000000000,67,41679.867187500,40040.003906250,44654.066406250,80.000000000,0959490dcfeedeafc8e9e01f868552fc1a757f1f2924fe4d8aaab468b9881130,nearest_visible_satellite_in_each_other_domain,union,both,38.435230255,sampled
IDL-000520,IDL,cs04,os05,communication,observation,166,233,2025-01-01T01:23:00.000000Z,2025-01-01T01:56:30.000000Z,2010.000000000,67,42736.972656250,41760.484375000,44074.363281250,80.000000000,0959490dcfeedeafc8e9e01f868552fc1a757f1f2924fe4d8aaab468b9881130,nearest_visible_satellite_in_each_other_domain,union,both,271.507873535,sampled
IDL-000521,IDL,cs04,os05,communication,observation,310,393,2025-01-01T02:35:00.000000Z,2025-01-01T03:16:30.000000Z,2490.000000000,83,42245.324218750,40130.406250000,44190.312500000,80.000000000,0959490dcfeedeafc8e9e01f868552fc1a757f1f2924fe4d8aaab468b9881130,nearest_visible_satellite_in_each_other_domain,union,cs04,241.693588257,sampled
IDL-000522,IDL,cs04,os05,communication,observation,425,427,2025-01-01T03:32:30.000000Z,2025-01-01T03:33:30.000000Z,60.000000000,2,41658.000000000,41612.601562500,41703.394531250,80.000000000,0959490dcfeedeafc8e9e01f868552fc1a757f1f2924fe4d8aaab468b9881130,nearest_visible_satellite_in_each_other_domain,union,os05,695.878540039,sampled
IDL-000523,IDL,cs04,os05,communication,observation,517,583,2025-01-01T04:18:30.000000Z,2025-01-01T04:51:30.000000Z,1980.000000000,66,40580.292968750,37571.894531250,44691.843750000,80.000000000,0959490dcfeedeafc8e9e01f868552fc1a757f1f2924fe4d8aaab468b9881130,nearest_visible_satellite_in_each_other_domain,union,cs04,38.405883789,sampled
IDL-000524,IDL,cs04,os05,communication,observation,619,622,2025-01-01T05:09:30.000000Z,2025-01-01T05:11:00.000000Z,90.000000000,3,41183.546875000,41017.957031250,41349.679687500,80.000000000,0959490dcfeedeafc8e9e01f868552fc1a757f1f2924fe4d8aaab468b9881130,nearest_visible_satellite_in_each_other_domain,union,os05,696.448913574,sampled
IDL-000525,IDL,cs04,os05,communication,observation,717,778,2025-01-01T05:58:30.000000Z,2025-01-01T06:29:00.000000Z,1830.000000000,61,39246.656250000,35687.976562500,44613.156250000,80.000000000,0959490dcfeedeafc8e9e01f868552fc1a757f1f2924fe4d8aaab468b9881130,nearest_visible_satellite_in_each_other_domain,union,cs04,71.479934692,sampled
IDL-000526,IDL,cs04,os05,communication,observation,801,815,2025-01-01T06:40:30.000000Z,2025-01-01T06:47:30.000000Z,420.000000000,14,39159.488281250,37936.488281250,40465.980468750,80.000000000,0959490dcfeedeafc8e9e01f868552fc1a757f1f2924fe4d8aaab468b9881130,nearest_visible_satellite_in_each_other_domain,union,os05,695.835754395,sampled
IDL-000527,IDL,cs04,os05,communication,observation,914,991,2025-01-01T07:37:00.000000Z,2025-01-01T08:15:30.000000Z,2310.000000000,77,38080.148437500,35088.335937500,44615.953125000,80.000000000,0959490dcfeedeafc8e9e01f868552fc1a757f1f2924fe4d8aaab468b9881130,nearest_visible_satellite_in_each_other_domain,union,both,70.221031189,sampled
IDL-000528,IDL,cs04,os05,communication,observation,1109,1170,2025-01-01T09:14:30.000000Z,2025-01-01T09:45:00.000000Z,1830.000000000,61,39234.867187500,35963.105468750,44696.433593750,80.000000000,0959490dcfeedeafc8e9e01f868552fc1a757f1f2924fe4d8aaab468b9881130,nearest_visible_satellite_in_each_other_domain,union,both,35.979049683,sampled
IDL-000529,IDL,cs04,os05,communication,observation,1301,1365,2025-01-01T10:50:30.000000Z,2025-01-01T11:22:30.000000Z,1920.000000000,64,40456.035156250,38033.878906250,44741.753906250,80.000000000,0959490dcfeedeafc8e9e01f868552fc1a757f1f2924fe4d8aaab468b9881130,nearest_visible_satellite_in_each_other_domain,union,both,17.349788666,sampled
IDL-000530,IDL,cs04,os05,communication,observation,1482,1553,2025-01-01T12:21:00.000000Z,2025-01-01T12:56:30.000000Z,2130.000000000,71,42093.390625000,40598.437500000,44768.558593750,80.000000000,0959490dcfeedeafc8e9e01f868552fc1a757f1f2924fe4d8aaab468b9881130,nearest_visible_satellite_in_each_other_domain,union,both,7.333994389,sampled
IDL-000531,IDL,cs04,os05,communication,observation,1639,1703,2025-01-01T13:39:30.000000Z,2025-01-01T14:11:30.000000Z,1920.000000000,64,42644.289062500,41665.511718750,43801.777343750,80.000000000,0959490dcfeedeafc8e9e01f868552fc1a757f1f2924fe4d8aaab468b9881130,nearest_visible_satellite_in_each_other_domain,union,cs04,362.201263428,sampled
IDL-000532,IDL,cs04,os05,communication,observation,1713,1715,2025-01-01T14:16:30.000000Z,2025-01-01T14:17:30.000000Z,60.000000000,2,41758.769531250,41748.843750000,41768.695312500,80.000000000,0959490dcfeedeafc8e9e01f868552fc1a757f1f2924fe4d8aaab468b9881130,nearest_visible_satellite_in_each_other_domain,union,os05,709.128051758,sampled
IDL-000533,IDL,cs04,os05,communication,observation,1788,1874,2025-01-01T14:54:00.000000Z,2025-01-01T15:37:00.000000Z,2580.000000000,86,42177.085937500,39549.371093750,44613.554687500,80.000000000,0959490dcfeedeafc8e9e01f868552fc1a757f1f2924fe4d8aaab468b9881130,nearest_visible_satellite_in_each_other_domain,union,cs04,55.412208557,sampled
IDL-000534,IDL,cs04,os05,communication,observation,1909,1911,2025-01-01T15:54:30.000000Z,2025-01-01T15:55:30.000000Z,60.000000000,2,41647.820312500,41592.699218750,41702.937500000,80.000000000,0959490dcfeedeafc8e9e01f868552fc1a757f1f2924fe4d8aaab468b9881130,nearest_visible_satellite_in_each_other_domain,union,os05,711.140502930,sampled
IDL-000535,IDL,cs04,os05,communication,observation,2002,2067,2025-01-01T16:41:00.000000Z,2025-01-01T17:13:30.000000Z,1950.000000000,65,40166.871093750,37060.425781250,44656.812500000,80.000000000,0959490dcfeedeafc8e9e01f868552fc1a757f1f2924fe4d8aaab468b9881130,nearest_visible_satellite_in_each_other_domain,union,cs04,37.531017303,sampled
IDL-000536,IDL,cs04,os05,communication,observation,2101,2106,2025-01-01T17:30:30.000000Z,2025-01-01T17:33:00.000000Z,150.000000000,5,40985.328125000,40630.738281250,41343.230468750,80.000000000,0959490dcfeedeafc8e9e01f868552fc1a757f1f2924fe4d8aaab468b9881130,nearest_visible_satellite_in_each_other_domain,union,os05,713.077636719,sampled
IDL-000537,IDL,cs04,os05,communication,observation,2201,2262,2025-01-01T18:20:30.000000Z,2025-01-01T18:51:00.000000Z,1830.000000000,61,39017.425781250,35422.804687500,44593.582031250,80.000000000,0959490dcfeedeafc8e9e01f868552fc1a757f1f2924fe4d8aaab468b9881130,nearest_visible_satellite_in_each_other_domain,union,cs04,65.257369995,sampled
IDL-000538,IDL,cs04,os05,communication,observation,2275,2297,2025-01-01T18:57:30.000000Z,2025-01-01T19:08:30.000000Z,660.000000000,22,38044.980468750,36356.585937500,40051.648437500,80.000000000,0959490dcfeedeafc8e9e01f868552fc1a757f1f2924fe4d8aaab468b9881130,nearest_visible_satellite_in_each_other_domain,union,os05,714.475402832,sampled
IDL-000539,IDL,cs04,os05,communication,observation,2397,2462,2025-01-01T19:58:30.000000Z,2025-01-01T20:31:00.000000Z,1950.000000000,65,38589.773437500,35151.816406250,44732.988281250,80.000000000,0959490dcfeedeafc8e9e01f868552fc1a757f1f2924fe4d8aaab468b9881130,nearest_visible_satellite_in_each_other_domain,union,both,4.656892300,sampled
IDL-000540,IDL,cs04,os05,communication,observation,2592,2654,2025-01-01T21:36:00.000000Z,2025-01-01T22:07:00.000000Z,1860.000000000,62,39421.839843750,36334.500000000,44715.773437500,80.000000000,0959490dcfeedeafc8e9e01f868552fc1a757f1f2924fe4d8aaab468b9881130,nearest_visible_satellite_in_each_other_domain,union,both,11.919885635,sampled
IDL-000541,IDL,cs04,os05,communication,observation,2783,2848,2025-01-01T23:11:30.000000Z,2025-01-01T23:44:00.000000Z,1950.000000000,65,40778.871093750,38593.472656250,44720.691406250,80.000000000,0959490dcfeedeafc8e9e01f868552fc1a757f1f2924fe4d8aaab468b9881130,nearest_visible_satellite_in_each_other_domain,union,both,9.218266487,sampled
IDL-000542,IDL,cs05,ns01,communication,navigation,0,383,2025-01-01T00:00:00.000000Z,2025-01-01T03:11:30.000000Z,11490.000000000,383,55821.304687500,54080.296875000,59899.273437500,80.000000000,0959490dcfeedeafc8e9e01f868552fc1a757f1f2924fe4d8aaab468b9881130,nearest_visible_satellite_in_each_other_domain,union,ns01,11240.580078125,sampled
IDL-000543,IDL,cs05,ns01,communication,navigation,2133,2881,2025-01-01T17:46:30.000000Z,2025-01-02T00:00:00.000000Z,22410.000000000,748,27601.824218750,15760.684570312,42040.109375000,80.000000000,0959490dcfeedeafc8e9e01f868552fc1a757f1f2924fe4d8aaab468b9881130,nearest_visible_satellite_in_each_other_domain,union,both,19954.867187500,sampled
IDL-000544,IDL,cs05,ns02,communication,navigation,1281,2881,2025-01-01T10:40:30.000000Z,2025-01-02T00:00:00.000000Z,47970.000000000,1600,38765.015625000,21636.980468750,58231.890625000,80.000000000,0959490dcfeedeafc8e9e01f868552fc1a757f1f2924fe4d8aaab468b9881130,nearest_visible_satellite_in_each_other_domain,union,both,12461.775390625,sampled
IDL-000545,IDL,cs05,ns03,communication,navigation,764,2240,2025-01-01T06:22:00.000000Z,2025-01-01T18:40:00.000000Z,44280.000000000,1476,37448.164062500,17545.238281250,62471.109375000,80.000000000,0959490dcfeedeafc8e9e01f868552fc1a757f1f2924fe4d8aaab468b9881130,nearest_visible_satellite_in_each_other_domain,union,both,9030.203125000,sampled
IDL-000546,IDL,cs05,ns04,communication,navigation,138,1753,2025-01-01T01:09:00.000000Z,2025-01-01T14:36:30.000000Z,48450.000000000,1615,41109.898437500,19240.355468750,59988.800781250,80.000000000,0959490dcfeedeafc8e9e01f868552fc1a757f1f2924fe4d8aaab468b9881130,nearest_visible_satellite_in_each_other_domain,union,both,11189.841796875,sampled
IDL-000547,IDL,cs05,ns05,communication,navigation,0,920,2025-01-01T00:00:00.000000Z,2025-01-01T07:40:00.000000Z,27600.000000000,920,45307.554687500,37258.429687500,64153.523437500,80.000000000,0959490dcfeedeafc8e9e01f868552fc1a757f1f2924fe4d8aaab468b9881130,nearest_visible_satellite_in_each_other_domain,union,both,7342.483398438,sampled
IDL-000548,IDL,cs05,ns05,communication,navigation,2612,2881,2025-01-01T21:46:00.000000Z,2025-01-02T00:00:00.000000Z,8040.000000000,269,33393.789062500,32247.925781250,35129.707031250,80.000000000,0959490dcfeedeafc8e9e01f868552fc1a757f1f2924fe4d8aaab468b9881130,nearest_visible_satellite_in_each_other_domain,union,cs05,21318.835937500,sampled
IDL-000549,IDL,cs05,os01,communication,observation,0,51,2025-01-01T00:00:00.000000Z,2025-01-01T00:25:30.000000Z,1530.000000000,51,42651.515625000,41755.695312500,43848.019531250,80.000000000,0959490dcfeedeafc8e9e01f868552fc1a757f1f2924fe4d8aaab468b9881130,nearest_visible_satellite_in_each_other_domain,union,os01,342.864196777,sampled
IDL-000550,IDL,cs05,os01,communication,observation,56,120,2025-01-01T00:28:00.000000Z,2025-01-01T01:00:00.000000Z,1920.000000000,64,42685.812500000,41728.863281250,43888.074218750,80.000000000,0959490dcfeedeafc8e9e01f868552fc1a757f1f2924fe4d8aaab468b9881130,nearest_visible_satellite_in_each_other_domain,union,cs05,345.924957275,sampled
IDL-000551,IDL,cs05,os01,communication,observation,152,279,2025-01-01T01:16:00.000000Z,2025-01-01T02:19:30.000000Z,3810.000000000,127,41921.976562500,40379.875000000,44717.710937500,80.000000000,0959490dcfeedeafc8e9e01f868552fc1a757f1f2924fe4d8aaab468b9881130,nearest_visible_satellite_in_each_other_domain,union,both,21.512258530,sampled
IDL-000552,IDL,cs05,os01,communication,observation,347,462,2025-01-01T02:53:30.000000Z,2025-01-01T03:51:00.000000Z,3450.000000000,115,40283.714843750,37815.019531250,44665.664062500,80.000000000,0959490dcfeedeafc8e9e01f868552fc1a757f1f2924fe4d8aaab468b9881130,nearest_visible_satellite_in_each_other_domain,union,both,37.474929810,sampled
IDL-000553,IDL,cs05,os01,communication,observation,543,655,2025-01-01T04:31:30.000000Z,2025-01-01T05:27:30.000000Z,3360.000000000,112,39097.445312500,35829.101562500,44710.054687500,80.000000000,0959490dcfeedeafc8e9e01f868552fc1a757f1f2924fe4d8aaab468b9881130,nearest_visible_satellite_in_each_other_domain,union,both,15.740537643,sampled
IDL-000554,IDL,cs05,os01,communication,observation,738,850,2025-01-01T06:09:00.000000Z,2025-01-01T07:05:00.000000Z,3360.000000000,112,38685.812500000,35081.351562500,44593.003906250,80.000000000,0959490dcfeedeafc8e9e01f868552fc1a757f1f2924fe4d8aaab468b9881130,nearest_visible_satellite_in_each_other_domain,union,both,65.466476440,sampled
IDL-000555,IDL,cs05,os01,communication,observation,930,960,2025-01-01T07:45:00.000000Z,2025-01-01T08:00:00.000000Z,900.000000000,30,41488.445312500,38547.304687500,44511.937500000,80.000000000,0959490dcfeedeafc8e9e01f868552fc1a757f1f2924fe4d8aaab468b9881130,nearest_visible_satellite_in_each_other_domain,union,os01,114.250030518,sampled
IDL-000556,IDL,cs05,os01,communication,observation,986,1048,2025-01-01T08:13:00.000000Z,2025-01-01T08:44:00.000000Z,1860.000000000,62,39387.507812500,35810.316406250,44739.820312500,80.000000000,0959490dcfeedeafc8e9e01f868552fc1a757f1f2924fe4d8aaab468b9881130,nearest_visible_satellite_in_each_other_domain,union,cs05,1.780366898,sampled
IDL-000557,IDL,cs05,os01,communication,observation,1122,1145,2025-01-01T09:21:00.000000Z,2025-01-01T09:32:30.000000Z,690.000000000,23,42877.066406250,41071.507812500,44672.558593750,80.000000000,0959490dcfeedeafc8e9e01f868552fc1a757f1f2924fe4d8aaab468b9881130,nearest_visible_satellite_in_each_other_domain,union,os01,47.633769989,sampled
IDL-000558,IDL,cs05,os01,communication,observation,1181,1248,2025-01-01T09:50:30.000000Z,2025-01-01T10:24:00.000000Z,2010.000000000,67,40746.738281250,37785.476562500,44720.707031250,80.000000000,0959490dcfeedeafc8e9e01f868552fc1a757f1f2924fe4d8aaab468b9881130,nearest_visible_satellite_in_each_other_domain,union,cs05,11.644740105,sampled
IDL-000559,IDL,cs05,os01,communication,observation,1305,1339,2025-01-01T10:52:30.000000Z,2025-01-01T11:09:30.000000Z,1020.000000000,34,43179.933593750,41639.980468750,44740.160156250,80.000000000,0959490dcfeedeafc8e9e01f868552fc1a757f1f2924fe4d8aaab468b9881130,nearest_visible_satellite_in_each_other_domain,union,os01,19.977689743,sampled
IDL-000560,IDL,cs05,os01,communication,observation,1371,1595,2025-01-01T11:25:30.000000Z,2025-01-01T13:17:30.000000Z,6720.000000000,224,42664.550781250,40366.589843750,44216.953125000,80.000000000,0959490dcfeedeafc8e9e01f868552fc1a757f1f2924fe4d8aaab468b9881130,nearest_visible_satellite_in_each_other_domain,union,both,214.880447388,sampled
IDL-000561,IDL,cs05,os01,communication,observation,1635,1758,2025-01-01T13:37:30.000000Z,2025-01-01T14:39:00.000000Z,3690.000000000,123,41542.117187500,39808.476562500,44702.648437500,80.000000000,0959490dcfeedeafc8e9e01f868552fc1a757f1f2924fe4d8aaab468b9881130,nearest_visible_satellite_in_each_other_domain,union,both,27.448831558,sampled
IDL-000562,IDL,cs05,os01,communication,observation,1831,1945,2025-01-01T15:15:30.000000Z,2025-01-01T16:12:30.000000Z,3420.000000000,114,39960.867187500,37287.699218750,44731.406250000,80.000000000,0959490dcfeedeafc8e9e01f868552fc1a757f1f2924fe4d8aaab468b9881130,nearest_visible_satellite_in_each_other_domain,union,both,17.773002625,sampled
IDL-000563,IDL,cs05,os01,communication,observation,2027,2138,2025-01-01T16:53:30.000000Z,2025-01-01T17:49:00.000000Z,3330.000000000,111,38879.656250000,35533.402343750,44617.914062500,80.000000000,0959490dcfeedeafc8e9e01f868552fc1a757f1f2924fe4d8aaab468b9881130,nearest_visible_satellite_in_each_other_domain,union,both,68.639450073,sampled
IDL-000564,IDL,cs05,os01,communication,observation,2222,2334,2025-01-01T18:31:00.000000Z,2025-01-01T19:27:00.000000Z,3360.000000000,112,38693.406250000,35110.203125000,44624.683593750,80.000000000,0959490dcfeedeafc8e9e01f868552fc1a757f1f2924fe4d8aaab468b9881130,nearest_visible_satellite_in_each_other_domain,union,both,66.146514893,sampled
IDL-000565,IDL,cs05,os01,communication,observation,2412,2439,2025-01-01T20:06:00.000000Z,2025-01-01T20:19:30.000000Z,810.000000000,27,42125.496093750,39518.156250000,44741.656250000,80.000000000,0959490dcfeedeafc8e9e01f868552fc1a757f1f2924fe4d8aaab468b9881130,nearest_visible_satellite_in_each_other_domain,union,os01,0.396922141,sampled
IDL-000566,IDL,cs05,os01,communication,observation,2469,2532,2025-01-01T20:34:30.000000Z,2025-01-01T21:06:00.000000Z,1890.000000000,63,39580.570312500,36153.785156250,44697.593750000,80.000000000,0959490dcfeedeafc8e9e01f868552fc1a757f1f2924fe4d8aaab468b9881130,nearest_visible_satellite_in_each_other_domain,union,cs05,34.139850616,sampled
IDL-000567,IDL,cs05,os01,communication,observation,2604,2628,2025-01-01T21:42:00.000000Z,2025-01-01T21:54:00.000000Z,720.000000000,24,42964.574218750,41237.671875000,44686.406250000,80.000000000,0959490dcfeedeafc8e9e01f868552fc1a757f1f2924fe4d8aaab468b9881130,nearest_visible_satellite_in_each_other_domain,union,os01,24.300556183,sampled
IDL-000568,IDL,cs05,os01,communication,observation,2664,2734,2025-01-01T22:12:00.000000Z,2025-01-01T22:47:00.000000Z,2100.000000000,70,41156.046875000,38336.550781250,44734.636718750,80.000000000,0959490dcfeedeafc8e9e01f868552fc1a757f1f2924fe4d8aaab468b9881130,nearest_visible_satellite_in_each_other_domain,union,both,16.128444672,sampled
IDL-000569,IDL,cs05,os01,communication,observation,2782,2822,2025-01-01T23:11:00.000000Z,2025-01-01T23:31:00.000000Z,1200.000000000,40,43214.101562500,41714.507812500,44740.960937500,80.000000000,0959490dcfeedeafc8e9e01f868552fc1a757f1f2924fe4d8aaab468b9881130,nearest_visible_satellite_in_each_other_domain,union,os01,1.975399137,sampled
IDL-000570,IDL,cs05,os01,communication,observation,2850,2881,2025-01-01T23:45:00.000000Z,2025-01-02T00:00:00.000000Z,900.000000000,31,41350.679687500,40892.035156250,42039.382812500,80.000000000,0959490dcfeedeafc8e9e01f868552fc1a757f1f2924fe4d8aaab468b9881130,nearest_visible_satellite_in_each_other_domain,union,cs05,700.841186523,sampled
IDL-000571,IDL,cs05,os02,communication,observation,0,47,2025-01-01T00:00:00.000000Z,2025-01-01T00:23:30.000000Z,1410.000000000,47,42578.769531250,41750.050781250,43705.433593750,80.000000000,0959490dcfeedeafc8e9e01f868552fc1a757f1f2924fe4d8aaab468b9881130,nearest_visible_satellite_in_each_other_domain,union,os02,385.175476074,sampled
IDL-000572,IDL,cs05,os02,communication,observation,53,56,2025-01-01T00:26:30.000000Z,2025-01-01T00:28:00.000000Z,90.000000000,3,41720.246093750,41716.253906250,41724.914062500,80.000000000,0959490dcfeedeafc8e9e01f868552fc1a757f1f2924fe4d8aaab468b9881130,nearest_visible_satellite_in_each_other_domain,union,cs05,698.140869141,sampled
IDL-000573,IDL,cs05,os02,communication,observation,147,243,2025-01-01T01:13:30.000000Z,2025-01-01T02:01:30.000000Z,2880.000000000,96,41528.859375000,40434.808593750,43607.632812500,80.000000000,0959490dcfeedeafc8e9e01f868552fc1a757f1f2924fe4d8aaab468b9881130,nearest_visible_satellite_in_each_other_domain,union,both,424.566253662,sampled
IDL-000574,IDL,cs05,os02,communication,observation,343,438,2025-01-01T02:51:30.000000Z,2025-01-01T03:39:00.000000Z,2850.000000000,95,39714.820312500,37869.082031250,43433.730468750,80.000000000,0959490dcfeedeafc8e9e01f868552fc1a757f1f2924fe4d8aaab468b9881130,nearest_visible_satellite_in_each_other_domain,union,both,471.148315430,sampled
IDL-000575,IDL,cs05,os02,communication,observation,539,632,2025-01-01T04:29:30.000000Z,2025-01-01T05:16:00.000000Z,2790.000000000,93,38343.097656250,35861.250000000,43416.378906250,80.000000000,0959490dcfeedeafc8e9e01f868552fc1a757f1f2924fe4d8aaab468b9881130,nearest_visible_satellite_in_each_other_domain,union,both,475.646484375,sampled
IDL-000576,IDL,cs05,os02,communication,observation,734,812,2025-01-01T06:07:00.000000Z,2025-01-01T06:46:00.000000Z,2340.000000000,78,37653.761718750,35081.207031250,43673.843750000,80.000000000,0959490dcfeedeafc8e9e01f868552fc1a757f1f2924fe4d8aaab468b9881130,nearest_visible_satellite_in_each_other_domain,union,both,406.088897705,sampled
IDL-000577,IDL,cs05,os02,communication,observation,926,957,2025-01-01T07:43:00.000000Z,2025-01-01T07:58:30.000000Z,930.000000000,31,41311.164062500,38290.863281250,44446.488281250,80.000000000,0959490dcfeedeafc8e9e01f868552fc1a757f1f2924fe4d8aaab468b9881130,nearest_visible_satellite_in_each_other_domain,union,os02,140.777526855,sampled
IDL-000578,IDL,cs05,os02,communication,observation,981,986,2025-01-01T08:10:30.000000Z,2025-01-01T08:13:00.000000Z,150.000000000,5,35788.839843750,35778.105468750,35810.281250000,80.000000000,0959490dcfeedeafc8e9e01f868552fc1a757f1f2924fe4d8aaab468b9881130,nearest_visible_satellite_in_each_other_domain,union,cs05,700.901489258,sampled
IDL-000579,IDL,cs05,os02,communication,observation,1118,1141,2025-01-01T09:19:00.000000Z,2025-01-01T09:30:30.000000Z,690.000000000,23,42824.687500000,41005.828125000,44636.457031250,80.000000000,0959490dcfeedeafc8e9e01f868552fc1a757f1f2924fe4d8aaab468b9881130,nearest_visible_satellite_in_each_other_domain,union,os02,63.198001862,sampled
IDL-000580,IDL,cs05,os02,communication,observation,1176,1181,2025-01-01T09:48:00.000000Z,2025-01-01T09:50:30.000000Z,150.000000000,5,37749.078125000,37729.625000000,37779.828125000,80.000000000,0959490dcfeedeafc8e9e01f868552fc1a757f1f2924fe4d8aaab468b9881130,nearest_visible_satellite_in_each_other_domain,union,cs05,701.566467285,sampled
IDL-000581,IDL,cs05,os02,communication,observation,1301,1335,2025-01-01T10:50:30.000000Z,2025-01-01T11:07:30.000000Z,1020.000000000,34,43169.949218750,41605.707031250,44755.394531250,80.000000000,0959490dcfeedeafc8e9e01f868552fc1a757f1f2924fe4d8aaab468b9881130,nearest_visible_satellite_in_each_other_domain,union,os02,13.131717682,sampled
IDL-000582,IDL,cs05,os02,communication,observation,1366,1371,2025-01-01T11:23:00.000000Z,2025-01-01T11:25:30.000000Z,150.000000000,5,40326.562500000,40301.769531250,40357.281250000,80.000000000,0959490dcfeedeafc8e9e01f868552fc1a757f1f2924fe4d8aaab468b9881130,nearest_visible_satellite_in_each_other_domain,union,cs05,703.386474609,sampled
IDL-000583,IDL,cs05,os02,communication,observation,1436,1530,2025-01-01T11:58:00.000000Z,2025-01-01T12:45:00.000000Z,2820.000000000,94,43013.726562500,41745.050781250,44081.765625000,80.000000000,0959490dcfeedeafc8e9e01f868552fc1a757f1f2924fe4d8aaab468b9881130,nearest_visible_satellite_in_each_other_domain,union,both,268.076568604,sampled
IDL-000584,IDL,cs05,os02,communication,observation,1631,1726,2025-01-01T13:35:30.000000Z,2025-01-01T14:23:00.000000Z,2850.000000000,95,41084.535156250,39866.187500000,43520.976562500,80.000000000,0959490dcfeedeafc8e9e01f868552fc1a757f1f2924fe4d8aaab468b9881130,nearest_visible_satellite_in_each_other_domain,union,both,435.719940186,sampled
IDL-000585,IDL,cs05,os02,communication,observation,1826,1922,2025-01-01T15:13:00.000000Z,2025-01-01T16:01:00.000000Z,2880.000000000,96,39390.066406250,37338.730468750,43489.718750000,80.000000000,0959490dcfeedeafc8e9e01f868552fc1a757f1f2924fe4d8aaab468b9881130,nearest_visible_satellite_in_each_other_domain,union,both,443.778472900,sampled
IDL-000586,IDL,cs05,os02,communication,observation,2022,2114,2025-01-01T16:51:00.000000Z,2025-01-01T17:37:00.000000Z,2760.000000000,92,38128.621093750,35560.085937500,43527.789062500,80.000000000,0959490dcfeedeafc8e9e01f868552fc1a757f1f2924fe4d8aaab468b9881130,nearest_visible_satellite_in_each_other_domain,union,both,433.572814941,sampled
IDL-000587,IDL,cs05,os02,communication,observation,2217,2285,2025-01-01T18:28:30.000000Z,2025-01-01T19:02:30.000000Z,2040.000000000,68,37862.398437500,35104.109375000,43794.562500000,80.000000000,0959490dcfeedeafc8e9e01f868552fc1a757f1f2924fe4d8aaab468b9881130,nearest_visible_satellite_in_each_other_domain,union,both,356.567352295,sampled
IDL-000588,IDL,cs05,os02,communication,observation,2408,2435,2025-01-01T20:04:00.000000Z,2025-01-01T20:17:30.000000Z,810.000000000,27,42052.593750000,39438.304687500,44682.296875000,80.000000000,0959490dcfeedeafc8e9e01f868552fc1a757f1f2924fe4d8aaab468b9881130,nearest_visible_satellite_in_each_other_domain,union,os02,26.675251007,sampled
IDL-000589,IDL,cs05,os02,communication,observation,2465,2469,2025-01-01T20:32:30.000000Z,2025-01-01T20:34:30.000000Z,120.000000000,4,36125.546875000,36116.320312500,36142.285156250,80.000000000,0959490dcfeedeafc8e9e01f868552fc1a757f1f2924fe4d8aaab468b9881130,nearest_visible_satellite_in_each_other_domain,union,cs05,714.069091797,sampled
IDL-000590,IDL,cs05,os02,communication,observation,2600,2623,2025-01-01T21:40:00.000000Z,2025-01-01T21:51:30.000000Z,690.000000000,23,42995.460937500,41323.105468750,44659.359375000,80.000000000,0959490dcfeedeafc8e9e01f868552fc1a757f1f2924fe4d8aaab468b9881130,nearest_visible_satellite_in_each_other_domain,union,os02,36.104213715,sampled
IDL-000591,IDL,cs05,os02,communication,observation,2659,2664,2025-01-01T22:09:30.000000Z,2025-01-01T22:12:00.000000Z,150.000000000,5,38298.394531250,38276.257812500,38330.574218750,80.000000000,0959490dcfeedeafc8e9e01f868552fc1a757f1f2924fe4d8aaab468b9881130,nearest_visible_satellite_in_each_other_domain,union,cs05,712.922424316,sampled
IDL-000592,IDL,cs05,os02,communication,observation,2728,2729,2025-01-01T22:44:00.000000Z,2025-01-01T22:44:30.000000Z,30.000000000,1,44704.515625000,44704.515625000,44704.515625000,80.000000000,0959490dcfeedeafc8e9e01f868552fc1a757f1f2924fe4d8aaab468b9881130,nearest_visible_satellite_in_each_other_domain,union,os02,29.631519318,sampled
IDL-000593,IDL,cs05,os02,communication,observation,2779,2818,2025-01-01T23:09:30.000000Z,2025-01-01T23:29:00.000000Z,1170.000000000,39,43176.667968750,41688.687500000,44701.402343750,80.000000000,0959490dcfeedeafc8e9e01f868552fc1a757f1f2924fe4d8aaab468b9881130,nearest_visible_satellite_in_each_other_domain,union,os02,19.273260117,sampled
IDL-000594,IDL,cs05,os02,communication,observation,2846,2850,2025-01-01T23:43:00.000000Z,2025-01-01T23:45:00.000000Z,120.000000000,4,40858.359375000,40840.515625000,40878.707031250,80.000000000,0959490dcfeedeafc8e9e01f868552fc1a757f1f2924fe4d8aaab468b9881130,nearest_visible_satellite_in_each_other_domain,union,cs05,708.964233398,sampled
IDL-000595,IDL,cs05,os03,communication,observation,0,42,2025-01-01T00:00:00.000000Z,2025-01-01T00:21:00.000000Z,1260.000000000,42,42519.207031250,41757.429687500,43543.933593750,80.000000000,0959490dcfeedeafc8e9e01f868552fc1a757f1f2924fe4d8aaab468b9881130,nearest_visible_satellite_in_each_other_domain,union,os03,429.835906982,sampled
IDL-000596,IDL,cs05,os03,communication,observation,50,53,2025-01-01T00:25:00.000000Z,2025-01-01T00:26:30.000000Z,90.000000000,3,41706.441406250,41701.730468750,41711.820312500,80.000000000,0959490dcfeedeafc8e9e01f868552fc1a757f1f2924fe4d8aaab468b9881130,nearest_visible_satellite_in_each_other_domain,union,cs05,698.895629883,sampled
IDL-000597,IDL,cs05,os03,communication,observation,143,238,2025-01-01T01:11:30.000000Z,2025-01-01T01:59:00.000000Z,2850.000000000,95,41562.359375000,40489.312500000,43600.175781250,80.000000000,0959490dcfeedeafc8e9e01f868552fc1a757f1f2924fe4d8aaab468b9881130,nearest_visible_satellite_in_each_other_domain,union,both,426.572631836,sampled
IDL-000598,IDL,cs05,os03,communication,observation,339,434,2025-01-01T02:49:30.000000Z,2025-01-01T03:37:00.000000Z,2850.000000000,95,39743.914062500,37923.824218750,43392.187500000,80.000000000,0959490dcfeedeafc8e9e01f868552fc1a757f1f2924fe4d8aaab468b9881130,nearest_visible_satellite_in_each_other_domain,union,both,481.593994141,sampled
IDL-000599,IDL,cs05,os03,communication,observation,534,627,2025-01-01T04:27:00.000000Z,2025-01-01T05:13:30.000000Z,2790.000000000,93,38383.550781250,35893.953125000,43534.863281250,80.000000000,0959490dcfeedeafc8e9e01f868552fc1a757f1f2924fe4d8aaab468b9881130,nearest_visible_satellite_in_each_other_domain,union,both,444.719451904,sampled
IDL-000600,IDL,cs05,os03,communication,observation,730,808,2025-01-01T06:05:00.000000Z,2025-01-01T06:44:00.000000Z,2340.000000000,78,37626.851562500,35082.445312500,43596.496093750,80.000000000,0959490dcfeedeafc8e9e01f868552fc1a757f1f2924fe4d8aaab468b9881130,nearest_visible_satellite_in_each_other_domain,union,both,428.003875732,sampled
IDL-000601,IDL,cs05,os03,communication,observation,922,953,2025-01-01T07:41:00.000000Z,2025-01-01T07:56:30.000000Z,930.000000000,31,41234.214843750,38213.320312500,44380.203125000,80.000000000,0959490dcfeedeafc8e9e01f868552fc1a757f1f2924fe4d8aaab468b9881130,nearest_visible_satellite_in_each_other_domain,union,os03,166.983825684,sampled
IDL-000602,IDL,cs05,os03,communication,observation,977,981,2025-01-01T08:08:30.000000Z,2025-01-01T08:10:30.000000Z,120.000000000,4,35754.062500000,35747.367187500,35766.132812500,80.000000000,0959490dcfeedeafc8e9e01f868552fc1a757f1f2924fe4d8aaab468b9881130,nearest_visible_satellite_in_each_other_domain,union,cs05,701.040954590,sampled
IDL-000603,IDL,cs05,os03,communication,observation,1113,1136,2025-01-01T09:16:30.000000Z,2025-01-01T09:28:00.000000Z,690.000000000,23,42937.230468750,41100.000000000,44756.980468750,80.000000000,0959490dcfeedeafc8e9e01f868552fc1a757f1f2924fe4d8aaab468b9881130,nearest_visible_satellite_in_each_other_domain,union,os03,10.268045425,sampled
IDL-000604,IDL,cs05,os03,communication,observation,1172,1176,2025-01-01T09:46:00.000000Z,2025-01-01T09:48:00.000000Z,120.000000000,4,37691.226562500,37677.019531250,37711.156250000,80.000000000,0959490dcfeedeafc8e9e01f868552fc1a757f1f2924fe4d8aaab468b9881130,nearest_visible_satellite_in_each_other_domain,union,cs05,701.706542969,sampled
IDL-000605,IDL,cs05,os03,communication,observation,1297,1330,2025-01-01T10:48:30.000000Z,2025-01-01T11:05:00.000000Z,990.000000000,33,43206.832031250,41655.710937500,44769.484375000,80.000000000,0959490dcfeedeafc8e9e01f868552fc1a757f1f2924fe4d8aaab468b9881130,nearest_visible_satellite_in_each_other_domain,union,os03,6.762370110,sampled
IDL-000606,IDL,cs05,os03,communication,observation,1362,1366,2025-01-01T11:21:00.000000Z,2025-01-01T11:23:00.000000Z,120.000000000,4,40263.402343750,40246.003906250,40283.832031250,80.000000000,0959490dcfeedeafc8e9e01f868552fc1a757f1f2924fe4d8aaab468b9881130,nearest_visible_satellite_in_each_other_domain,union,cs05,703.525451660,sampled
IDL-000607,IDL,cs05,os03,communication,observation,1431,1526,2025-01-01T11:55:30.000000Z,2025-01-01T12:43:00.000000Z,2850.000000000,95,43057.351562500,41752.558593750,44117.406250000,80.000000000,0959490dcfeedeafc8e9e01f868552fc1a757f1f2924fe4d8aaab468b9881130,nearest_visible_satellite_in_each_other_domain,union,both,255.868820190,sampled
IDL-000608,IDL,cs05,os03,communication,observation,1626,1722,2025-01-01T13:33:00.000000Z,2025-01-01T14:21:00.000000Z,2880.000000000,96,41145.550781250,39923.757812500,43564.027343750,80.000000000,0959490dcfeedeafc8e9e01f868552fc1a757f1f2924fe4d8aaab468b9881130,nearest_visible_satellite_in_each_other_domain,union,both,423.882263184,sampled
IDL-000609,IDL,cs05,os03,communication,observation,1822,1917,2025-01-01T15:11:00.000000Z,2025-01-01T15:58:30.000000Z,2850.000000000,95,39393.957031250,37389.210937500,43440.937500000,80.000000000,0959490dcfeedeafc8e9e01f868552fc1a757f1f2924fe4d8aaab468b9881130,nearest_visible_satellite_in_each_other_domain,union,both,456.551757812,sampled
IDL-000610,IDL,cs05,os03,communication,observation,2018,2110,2025-01-01T16:49:00.000000Z,2025-01-01T17:35:00.000000Z,2760.000000000,92,38134.261718750,35586.015625000,43456.855468750,80.000000000,0959490dcfeedeafc8e9e01f868552fc1a757f1f2924fe4d8aaab468b9881130,nearest_visible_satellite_in_each_other_domain,union,both,452.356903076,sampled
IDL-000611,IDL,cs05,os03,communication,observation,2213,2282,2025-01-01T18:26:30.000000Z,2025-01-01T19:01:00.000000Z,2070.000000000,69,37792.132812500,35097.269531250,43717.343750000,80.000000000,0959490dcfeedeafc8e9e01f868552fc1a757f1f2924fe4d8aaab468b9881130,nearest_visible_satellite_in_each_other_domain,union,both,379.838378906,sampled
IDL-000612,IDL,cs05,os03,communication,observation,2404,2431,2025-01-01T20:02:00.000000Z,2025-01-01T20:15:30.000000Z,810.000000000,27,41979.117187500,39358.371093750,44621.968750000,80.000000000,0959490dcfeedeafc8e9e01f868552fc1a757f1f2924fe4d8aaab468b9881130,nearest_visible_satellite_in_each_other_domain,union,os03,52.817699432,sampled
IDL-000613,IDL,cs05,os03,communication,observation,2460,2465,2025-01-01T20:30:00.000000Z,2025-01-01T20:32:30.000000Z,150.000000000,5,36090.054687500,36078.937500000,36112.253906250,80.000000000,0959490dcfeedeafc8e9e01f868552fc1a757f1f2924fe4d8aaab468b9881130,nearest_visible_satellite_in_each_other_domain,union,cs05,713.901123047,sampled
IDL-000614,IDL,cs05,os03,communication,observation,2596,2619,2025-01-01T21:38:00.000000Z,2025-01-01T21:49:30.000000Z,690.000000000,23,42950.121093750,41263.292968750,44631.027343750,80.000000000,0959490dcfeedeafc8e9e01f868552fc1a757f1f2924fe4d8aaab468b9881130,nearest_visible_satellite_in_each_other_domain,union,os03,48.345996857,sampled
IDL-000615,IDL,cs05,os03,communication,observation,2655,2659,2025-01-01T22:07:30.000000Z,2025-01-01T22:09:30.000000Z,120.000000000,4,38237.386718750,38221.269531250,38258.597656250,80.000000000,0959490dcfeedeafc8e9e01f868552fc1a757f1f2924fe4d8aaab468b9881130,nearest_visible_satellite_in_each_other_domain,union,cs05,713.047851562,sampled
IDL-000616,IDL,cs05,os03,communication,observation,2723,2725,2025-01-01T22:41:30.000000Z,2025-01-01T22:42:30.000000Z,60.000000000,2,44712.054687500,44671.089843750,44753.019531250,80.000000000,0959490dcfeedeafc8e9e01f868552fc1a757f1f2924fe4d8aaab468b9881130,nearest_visible_satellite_in_each_other_domain,union,os03,7.996739388,sampled
IDL-000617,IDL,cs05,os03,communication,observation,2775,2814,2025-01-01T23:07:30.000000Z,2025-01-01T23:27:00.000000Z,1170.000000000,39,43177.156250000,41661.593750000,44728.851562500,80.000000000,0959490dcfeedeafc8e9e01f868552fc1a757f1f2924fe4d8aaab468b9881130,nearest_visible_satellite_in_each_other_domain,union,os03,7.054539204,sampled
IDL-000618,IDL,cs05,os03,communication,observation,2842,2846,2025-01-01T23:41:00.000000Z,2025-01-01T23:43:00.000000Z,120.000000000,4,40806.000000000,40788.472656250,40826.074218750,80.000000000,0959490dcfeedeafc8e9e01f868552fc1a757f1f2924fe4d8aaab468b9881130,nearest_visible_satellite_in_each_other_domain,union,cs05,709.122558594,sampled
IDL-000619,IDL,cs05,os04,communication,observation,0,38,2025-01-01T00:00:00.000000Z,2025-01-01T00:19:00.000000Z,1140.000000000,38,42437.363281250,41750.515625000,43366.492187500,80.000000000,0959490dcfeedeafc8e9e01f868552fc1a757f1f2924fe4d8aaab468b9881130,nearest_visible_satellite_in_each_other_domain,union,os04,474.898284912,sampled
IDL-000620,IDL,cs05,os04,communication,observation,47,50,2025-01-01T00:23:30.000000Z,2025-01-01T00:25:00.000000Z,90.000000000,3,41690.824218750,41685.363281250,41696.953125000,80.000000000,0959490dcfeedeafc8e9e01f868552fc1a757f1f2924fe4d8aaab468b9881130,nearest_visible_satellite_in_each_other_domain,union,cs05,699.671997070,sampled
IDL-000621,IDL,cs05,os04,communication,observation,139,234,2025-01-01T01:09:30.000000Z,2025-01-01T01:57:00.000000Z,2850.000000000,95,41598.437500000,40543.359375000,43593.992187500,80.000000000,0959490dcfeedeafc8e9e01f868552fc1a757f1f2924fe4d8aaab468b9881130,nearest_visible_satellite_in_each_other_domain,union,both,428.215393066,sampled
IDL-000622,IDL,cs05,os04,communication,observation,334,429,2025-01-01T02:47:00.000000Z,2025-01-01T03:34:30.000000Z,2850.000000000,95,39793.585937500,37978.003906250,43472.332031250,80.000000000,0959490dcfeedeafc8e9e01f868552fc1a757f1f2924fe4d8aaab468b9881130,nearest_visible_satellite_in_each_other_domain,union,both,461.218200684,sampled
IDL-000623,IDL,cs05,os04,communication,observation,530,623,2025-01-01T04:25:00.000000Z,2025-01-01T05:11:30.000000Z,2790.000000000,93,38394.929687500,35928.085937500,43468.187500000,80.000000000,0959490dcfeedeafc8e9e01f868552fc1a757f1f2924fe4d8aaab468b9881130,nearest_visible_satellite_in_each_other_domain,union,both,462.359619141,sampled
IDL-000624,IDL,cs05,os04,communication,observation,725,805,2025-01-01T06:02:30.000000Z,2025-01-01T06:42:30.000000Z,2400.000000000,80,37678.863281250,35085.429687500,43733.941406250,80.000000000,0959490dcfeedeafc8e9e01f868552fc1a757f1f2924fe4d8aaab468b9881130,nearest_visible_satellite_in_each_other_domain,union,both,388.466125488,sampled
IDL-000625,IDL,cs05,os04,communication,observation,918,949,2025-01-01T07:39:00.000000Z,2025-01-01T07:54:30.000000Z,930.000000000,31,41156.976562500,38136.152343750,44313.109375000,80.000000000,0959490dcfeedeafc8e9e01f868552fc1a757f1f2924fe4d8aaab468b9881130,nearest_visible_satellite_in_each_other_domain,union,os04,192.842102051,sampled
IDL-000626,IDL,cs05,os04,communication,observation,973,977,2025-01-01T08:06:30.000000Z,2025-01-01T08:08:30.000000Z,120.000000000,4,35726.148437500,35718.121093750,35742.187500000,80.000000000,0959490dcfeedeafc8e9e01f868552fc1a757f1f2924fe4d8aaab468b9881130,nearest_visible_satellite_in_each_other_domain,union,cs05,700.949035645,sampled
IDL-000627,IDL,cs05,os04,communication,observation,1109,1132,2025-01-01T09:14:30.000000Z,2025-01-01T09:26:00.000000Z,690.000000000,23,42884.074218750,41033.566406250,44720.117187500,80.000000000,0959490dcfeedeafc8e9e01f868552fc1a757f1f2924fe4d8aaab468b9881130,nearest_visible_satellite_in_each_other_domain,union,os04,26.646928787,sampled
IDL-000628,IDL,cs05,os04,communication,observation,1168,1172,2025-01-01T09:44:00.000000Z,2025-01-01T09:46:00.000000Z,120.000000000,4,37641.906250000,37625.191406250,37664.394531250,80.000000000,0959490dcfeedeafc8e9e01f868552fc1a757f1f2924fe4d8aaab468b9881130,nearest_visible_satellite_in_each_other_domain,union,cs05,701.614318848,sampled
IDL-000629,IDL,cs05,os04,communication,observation,1293,1326,2025-01-01T10:46:30.000000Z,2025-01-01T11:03:00.000000Z,990.000000000,33,43195.046875000,41620.292968750,44782.421875000,80.000000000,0959490dcfeedeafc8e9e01f868552fc1a757f1f2924fe4d8aaab468b9881130,nearest_visible_satellite_in_each_other_domain,union,os04,0.882537186,sampled
IDL-000630,IDL,cs05,os04,communication,observation,1358,1362,2025-01-01T11:19:00.000000Z,2025-01-01T11:21:00.000000Z,120.000000000,4,40207.765625000,40190.019531250,40228.589843750,80.000000000,0959490dcfeedeafc8e9e01f868552fc1a757f1f2924fe4d8aaab468b9881130,nearest_visible_satellite_in_each_other_domain,union,cs05,703.434204102,sampled
IDL-000631,IDL,cs05,os04,communication,observation,1427,1522,2025-01-01T11:53:30.000000Z,2025-01-01T12:41:00.000000Z,2850.000000000,95,43091.699218750,41757.878906250,44154.371093750,80.000000000,0959490dcfeedeafc8e9e01f868552fc1a757f1f2924fe4d8aaab468b9881130,nearest_visible_satellite_in_each_other_domain,union,both,243.038497925,sampled
IDL-000632,IDL,cs05,os04,communication,observation,1622,1717,2025-01-01T13:31:00.000000Z,2025-01-01T14:18:30.000000Z,2850.000000000,95,41174.964843750,39981.164062500,43549.132812500,80.000000000,0959490dcfeedeafc8e9e01f868552fc1a757f1f2924fe4d8aaab468b9881130,nearest_visible_satellite_in_each_other_domain,union,both,428.041015625,sampled
IDL-000633,IDL,cs05,os04,communication,observation,1818,1913,2025-01-01T15:09:00.000000Z,2025-01-01T15:56:30.000000Z,2850.000000000,95,39420.300781250,37440.257812500,43393.121093750,80.000000000,0959490dcfeedeafc8e9e01f868552fc1a757f1f2924fe4d8aaab468b9881130,nearest_visible_satellite_in_each_other_domain,union,both,468.756622314,sampled
IDL-000634,IDL,cs05,os04,communication,observation,2014,2106,2025-01-01T16:47:00.000000Z,2025-01-01T17:33:00.000000Z,2760.000000000,92,38140.957031250,35613.109375000,43386.332031250,80.000000000,0959490dcfeedeafc8e9e01f868552fc1a757f1f2924fe4d8aaab468b9881130,nearest_visible_satellite_in_each_other_domain,union,both,470.344329834,sampled
IDL-000635,IDL,cs05,os04,communication,observation,2209,2278,2025-01-01T18:24:30.000000Z,2025-01-01T18:59:00.000000Z,2070.000000000,69,37750.082031250,35091.699218750,43639.855468750,80.000000000,0959490dcfeedeafc8e9e01f868552fc1a757f1f2924fe4d8aaab468b9881130,nearest_visible_satellite_in_each_other_domain,union,both,402.348937988,sampled
IDL-000636,IDL,cs05,os04,communication,observation,2400,2427,2025-01-01T20:00:00.000000Z,2025-01-01T20:13:30.000000Z,810.000000000,27,41905.089843750,39278.394531250,44560.687500000,80.000000000,0959490dcfeedeafc8e9e01f868552fc1a757f1f2924fe4d8aaab468b9881130,nearest_visible_satellite_in_each_other_domain,union,os04,78.795013428,sampled
IDL-000637,IDL,cs05,os04,communication,observation,2456,2460,2025-01-01T20:28:00.000000Z,2025-01-01T20:30:00.000000Z,120.000000000,4,36049.718750000,36042.914062500,36062.515625000,80.000000000,0959490dcfeedeafc8e9e01f868552fc1a757f1f2924fe4d8aaab468b9881130,nearest_visible_satellite_in_each_other_domain,union,cs05,714.012207031,sampled
IDL-000638,IDL,cs05,os04,communication,observation,2592,2615,2025-01-01T21:36:00.000000Z,2025-01-01T21:47:30.000000Z,690.000000000,23,42903.625000000,41202.550781250,44601.417968750,80.000000000,0959490dcfeedeafc8e9e01f868552fc1a757f1f2924fe4d8aaab468b9881130,nearest_visible_satellite_in_each_other_domain,union,os04,61.007709503,sampled
IDL-000639,IDL,cs05,os04,communication,observation,2651,2655,2025-01-01T22:05:30.000000Z,2025-01-01T22:07:30.000000Z,120.000000000,4,38185.078125000,38166.871093750,38208.421875000,80.000000000,0959490dcfeedeafc8e9e01f868552fc1a757f1f2924fe4d8aaab468b9881130,nearest_visible_satellite_in_each_other_domain,union,cs05,713.171630859,sampled
IDL-000640,IDL,cs05,os04,communication,observation,2719,2720,2025-01-01T22:39:30.000000Z,2025-01-01T22:40:00.000000Z,30.000000000,1,44719.742187500,44719.742187500,44719.742187500,80.000000000,0959490dcfeedeafc8e9e01f868552fc1a757f1f2924fe4d8aaab468b9881130,nearest_visible_satellite_in_each_other_domain,union,os04,22.986322403,sampled
IDL-000641,IDL,cs05,os04,communication,observation,2772,2809,2025-01-01T23:06:00.000000Z,2025-01-01T23:24:30.000000Z,1110.000000000,37,43175.441406250,41701.296875000,44681.875000000,80.000000000,0959490dcfeedeafc8e9e01f868552fc1a757f1f2924fe4d8aaab468b9881130,nearest_visible_satellite_in_each_other_domain,union,os04,27.543136597,sampled
IDL-000642,IDL,cs05,os04,communication,observation,2838,2842,2025-01-01T23:39:00.000000Z,2025-01-01T23:41:00.000000Z,120.000000000,4,40753.195312500,40735.933593750,40773.054687500,80.000000000,0959490dcfeedeafc8e9e01f868552fc1a757f1f2924fe4d8aaab468b9881130,nearest_visible_satellite_in_each_other_domain,union,cs05,709.280151367,sampled
IDL-000643,IDL,cs05,os05,communication,observation,0,47,2025-01-01T00:00:00.000000Z,2025-01-01T00:23:30.000000Z,1410.000000000,47,42166.125000000,41662.246093750,43176.417968750,80.000000000,0959490dcfeedeafc8e9e01f868552fc1a757f1f2924fe4d8aaab468b9881130,nearest_visible_satellite_in_each_other_domain,union,both,518.531188965,sampled
IDL-000644,IDL,cs05,os05,communication,observation,120,229,2025-01-01T01:00:00.000000Z,2025-01-01T01:54:30.000000Z,3270.000000000,109,41930.515625000,40596.917968750,43902.992187500,80.000000000,0959490dcfeedeafc8e9e01f868552fc1a757f1f2924fe4d8aaab468b9881130,nearest_visible_satellite_in_each_other_domain,union,both,338.774322510,sampled
IDL-000645,IDL,cs05,os05,communication,observation,318,425,2025-01-01T02:39:00.000000Z,2025-01-01T03:32:30.000000Z,3210.000000000,107,40307.683593750,38032.628906250,44697.117187500,80.000000000,0959490dcfeedeafc8e9e01f868552fc1a757f1f2924fe4d8aaab468b9881130,nearest_visible_satellite_in_each_other_domain,union,both,36.470790863,sampled
IDL-000646,IDL,cs05,os05,communication,observation,519,619,2025-01-01T04:19:30.000000Z,2025-01-01T05:09:30.000000Z,3000.000000000,100,38806.757812500,35962.261718750,44630.140625000,80.000000000,0959490dcfeedeafc8e9e01f868552fc1a757f1f2924fe4d8aaab468b9881130,nearest_visible_satellite_in_each_other_domain,union,both,64.328392029,sampled
IDL-000647,IDL,cs05,os05,communication,observation,716,801,2025-01-01T05:58:00.000000Z,2025-01-01T06:40:30.000000Z,2550.000000000,85,38044.816406250,35087.492187500,44698.003906250,80.000000000,0959490dcfeedeafc8e9e01f868552fc1a757f1f2924fe4d8aaab468b9881130,nearest_visible_satellite_in_each_other_domain,union,both,34.673969269,sampled
IDL-000648,IDL,cs05,os05,communication,observation,912,973,2025-01-01T07:36:00.000000Z,2025-01-01T08:06:30.000000Z,1830.000000000,61,39036.882812500,35687.761718750,44649.414062500,80.000000000,0959490dcfeedeafc8e9e01f868552fc1a757f1f2924fe4d8aaab468b9881130,nearest_visible_satellite_in_each_other_domain,union,both,56.285251617,sampled
IDL-000649,IDL,cs05,os05,communication,observation,1105,1168,2025-01-01T09:12:30.000000Z,2025-01-01T09:44:00.000000Z,1890.000000000,63,40147.464843750,37571.074218750,44682.031250000,80.000000000,0959490dcfeedeafc8e9e01f868552fc1a757f1f2924fe4d8aaab468b9881130,nearest_visible_satellite_in_each_other_domain,union,both,43.349742889,sampled
IDL-000650,IDL,cs05,os05,communication,observation,1290,1358,2025-01-01T10:45:00.000000Z,2025-01-01T11:19:00.000000Z,2040.000000000,68,41753.300781250,40123.136718750,44701.644531250,80.000000000,0959490dcfeedeafc8e9e01f868552fc1a757f1f2924fe4d8aaab468b9881130,nearest_visible_satellite_in_each_other_domain,union,both,36.890396118,sampled
IDL-000651,IDL,cs05,os05,communication,observation,1423,1517,2025-01-01T11:51:30.000000Z,2025-01-01T12:38:30.000000Z,2820.000000000,94,43140.308593750,41760.558593750,44192.570312500,80.000000000,0959490dcfeedeafc8e9e01f868552fc1a757f1f2924fe4d8aaab468b9881130,nearest_visible_satellite_in_each_other_domain,union,both,229.661468506,sampled
IDL-000652,IDL,cs05,os05,communication,observation,1595,1713,2025-01-01T13:17:30.000000Z,2025-01-01T14:16:30.000000Z,3540.000000000,118,41754.027343750,40038.371093750,44241.843750000,80.000000000,0959490dcfeedeafc8e9e01f868552fc1a757f1f2924fe4d8aaab468b9881130,nearest_visible_satellite_in_each_other_domain,union,both,203.162719727,sampled
IDL-000653,IDL,cs05,os05,communication,observation,1803,1909,2025-01-01T15:01:30.000000Z,2025-01-01T15:54:30.000000Z,3180.000000000,106,39931.886718750,37492.144531250,44713.855468750,80.000000000,0959490dcfeedeafc8e9e01f868552fc1a757f1f2924fe4d8aaab468b9881130,nearest_visible_satellite_in_each_other_domain,union,both,12.244634628,sampled
IDL-000654,IDL,cs05,os05,communication,observation,2003,2101,2025-01-01T16:41:30.000000Z,2025-01-01T17:30:30.000000Z,2940.000000000,98,38546.640625000,35641.730468750,44626.562500000,80.000000000,0959490dcfeedeafc8e9e01f868552fc1a757f1f2924fe4d8aaab468b9881130,nearest_visible_satellite_in_each_other_domain,union,both,51.059154510,sampled
IDL-000655,IDL,cs05,os05,communication,observation,2200,2275,2025-01-01T18:20:00.000000Z,2025-01-01T18:57:30.000000Z,2250.000000000,75,38122.281250000,35087.863281250,44623.406250000,80.000000000,0959490dcfeedeafc8e9e01f868552fc1a757f1f2924fe4d8aaab468b9881130,nearest_visible_satellite_in_each_other_domain,union,both,52.548370361,sampled
IDL-000656,IDL,cs05,os05,communication,observation,2395,2456,2025-01-01T19:57:30.000000Z,2025-01-01T20:28:00.000000Z,1830.000000000,61,39255.828125000,36007.441406250,44693.460937500,80.000000000,0959490dcfeedeafc8e9e01f868552fc1a757f1f2924fe4d8aaab468b9881130,nearest_visible_satellite_in_each_other_domain,union,both,21.811603546,sampled
IDL-000657,IDL,cs05,os05,communication,observation,2587,2651,2025-01-01T21:33:30.000000Z,2025-01-01T22:05:30.000000Z,1920.000000000,64,40485.695312500,38108.246093750,44718.792968750,80.000000000,0959490dcfeedeafc8e9e01f868552fc1a757f1f2924fe4d8aaab468b9881130,nearest_visible_satellite_in_each_other_domain,union,both,10.063240051,sampled
IDL-000658,IDL,cs05,os05,communication,observation,2715,2716,2025-01-01T22:37:30.000000Z,2025-01-01T22:38:00.000000Z,30.000000000,1,44769.125000000,44769.125000000,44769.125000000,80.000000000,0959490dcfeedeafc8e9e01f868552fc1a757f1f2924fe4d8aaab468b9881130,nearest_visible_satellite_in_each_other_domain,union,os05,0.839758575,sampled
IDL-000659,IDL,cs05,os05,communication,observation,2768,2838,2025-01-01T23:04:00.000000Z,2025-01-01T23:39:00.000000Z,2100.000000000,70,42119.308593750,40670.437500000,44706.058593750,80.000000000,0959490dcfeedeafc8e9e01f868552fc1a757f1f2924fe4d8aaab468b9881130,nearest_visible_satellite_in_each_other_domain,union,both,16.855100632,sampled
IDL-000660,IDL,os01,ns01,observation,navigation,0,63,2025-01-01T00:00:00.000000Z,2025-01-01T00:31:30.000000Z,1890.000000000,63,24543.519531250,20771.570312500,30141.320312500,80.000000000,0959490dcfeedeafc8e9e01f868552fc1a757f1f2924fe4d8aaab468b9881130,nearest_visible_satellite_in_each_other_domain,union,both,17.449026108,sampled
IDL-000661,IDL,os01,ns01,observation,navigation,208,290,2025-01-01T01:44:00.000000Z,2025-01-01T02:25:00.000000Z,2460.000000000,82,25016.943359375,22203.808593750,30151.023437500,80.000000000,0959490dcfeedeafc8e9e01f868552fc1a757f1f2924fe4d8aaab468b9881130,nearest_visible_satellite_in_each_other_domain,union,both,29.931964874,sampled
IDL-000662,IDL,os01,ns01,observation,navigation,436,527,2025-01-01T03:38:00.000000Z,2025-01-01T04:23:30.000000Z,2730.000000000,91,25209.822265625,23010.697265625,30246.843750000,80.000000000,0959490dcfeedeafc8e9e01f868552fc1a757f1f2924fe4d8aaab468b9881130,nearest_visible_satellite_in_each_other_domain,union,both,3.238638163,sampled
IDL-000663,IDL,os01,ns01,observation,navigation,655,747,2025-01-01T05:27:30.000000Z,2025-01-01T06:13:30.000000Z,2760.000000000,92,23857.695312500,21091.863281250,30123.904296875,80.000000000,0959490dcfeedeafc8e9e01f868552fc1a757f1f2924fe4d8aaab468b9881130,nearest_visible_satellite_in_each_other_domain,union,both,58.770713806,sampled
IDL-000664,IDL,os01,ns01,observation,navigation,883,969,2025-01-01T07:21:30.000000Z,2025-01-01T08:04:30.000000Z,2580.000000000,86,24298.025390625,21375.599609375,30238.695312500,80.000000000,0959490dcfeedeafc8e9e01f868552fc1a757f1f2924fe4d8aaab468b9881130,nearest_visible_satellite_in_each_other_domain,union,both,3.043746710,sampled
IDL-000665,IDL,os01,ns01,observation,navigation,1118,1205,2025-01-01T09:19:00.000000Z,2025-01-01T10:02:30.000000Z,2610.000000000,87,25505.781250000,23197.466796875,30156.953125000,80.000000000,0959490dcfeedeafc8e9e01f868552fc1a757f1f2924fe4d8aaab468b9881130,nearest_visible_satellite_in_each_other_domain,union,both,19.506381989,sampled
IDL-000666,IDL,os01,ns01,observation,navigation,1338,1431,2025-01-01T11:09:00.000000Z,2025-01-01T11:55:30.000000Z,2790.000000000,93,24271.269531250,21803.158203125,30048.625000000,80.000000000,0959490dcfeedeafc8e9e01f868552fc1a757f1f2924fe4d8aaab468b9881130,nearest_visible_satellite_in_each_other_domain,union,both,54.599281311,sampled
IDL-000667,IDL,os01,ns01,observation,navigation,1561,1650,2025-01-01T13:00:30.000000Z,2025-01-01T13:45:00.000000Z,2670.000000000,89,23731.904296875,20828.634765625,30064.119140625,80.000000000,0959490dcfeedeafc8e9e01f868552fc1a757f1f2924fe4d8aaab468b9881130,nearest_visible_satellite_in_each_other_domain,union,both,51.925743103,sampled
IDL-000668,IDL,os01,ns01,observation,navigation,1798,1881,2025-01-01T14:59:00.000000Z,2025-01-01T15:40:30.000000Z,2490.000000000,83,25306.884765625,22597.986328125,30186.505859375,80.000000000,0959490dcfeedeafc8e9e01f868552fc1a757f1f2924fe4d8aaab468b9881130,nearest_visible_satellite_in_each_other_domain,union,both,19.024753571,sampled
IDL-000669,IDL,os01,ns01,observation,navigation,2023,2115,2025-01-01T16:51:30.000000Z,2025-01-01T17:37:30.000000Z,2760.000000000,92,24940.046875000,22704.193359375,30201.201171875,80.000000000,0959490dcfeedeafc8e9e01f868552fc1a757f1f2924fe4d8aaab468b9881130,nearest_visible_satellite_in_each_other_domain,union,both,24.014490128,sampled
IDL-000670,IDL,os01,ns01,observation,navigation,2242,2334,2025-01-01T18:41:00.000000Z,2025-01-01T19:27:00.000000Z,2760.000000000,92,23748.617187500,20901.595703125,30120.968750000,80.000000000,0959490dcfeedeafc8e9e01f868552fc1a757f1f2924fe4d8aaab468b9881130,nearest_visible_satellite_in_each_other_domain,union,both,59.370719910,sampled
IDL-000671,IDL,os01,ns01,observation,navigation,2474,2558,2025-01-01T20:37:00.000000Z,2025-01-01T21:19:00.000000Z,2520.000000000,84,24615.835937500,21728.867187500,30216.341796875,80.000000000,0959490dcfeedeafc8e9e01f868552fc1a757f1f2924fe4d8aaab468b9881130,nearest_visible_satellite_in_each_other_domain,union,both,9.760114670,sampled
IDL-000672,IDL,os01,ns01,observation,navigation,2706,2795,2025-01-01T22:33:00.000000Z,2025-01-01T23:17:30.000000Z,2670.000000000,89,25401.921875000,23218.900390625,30144.568359375,80.000000000,0959490dcfeedeafc8e9e01f868552fc1a757f1f2924fe4d8aaab468b9881130,nearest_visible_satellite_in_each_other_domain,union,both,21.637950897,sampled
IDL-000673,IDL,os01,ns02,observation,navigation,29,116,2025-01-01T00:14:30.000000Z,2025-01-01T00:58:00.000000Z,2610.000000000,87,25541.730468750,23173.425781250,30220.173828125,80.000000000,0959490dcfeedeafc8e9e01f868552fc1a757f1f2924fe4d8aaab468b9881130,nearest_visible_satellite_in_each_other_domain,union,both,10.768024445,sampled
IDL-000674,IDL,os01,ns02,observation,navigation,250,342,2025-01-01T02:05:00.000000Z,2025-01-01T02:51:00.000000Z,2760.000000000,92,24337.359375000,21883.691406250,30088.085937500,80.000000000,0959490dcfeedeafc8e9e01f868552fc1a757f1f2924fe4d8aaab468b9881130,nearest_visible_satellite_in_each_other_domain,union,both,73.322608948,sampled
IDL-000675,IDL,os01,ns02,observation,navigation,472,561,2025-01-01T03:56:00.000000Z,2025-01-01T04:40:30.000000Z,2670.000000000,89,23766.443359375,20854.660156250,30121.507812500,80.000000000,0959490dcfeedeafc8e9e01f868552fc1a757f1f2924fe4d8aaab468b9881130,nearest_visible_satellite_in_each_other_domain,union,both,57.496253967,sampled
IDL-000676,IDL,os01,ns02,observation,navigation,708,791,2025-01-01T05:54:00.000000Z,2025-01-01T06:35:30.000000Z,2490.000000000,83,25257.234375000,22557.740234375,30168.246093750,80.000000000,0959490dcfeedeafc8e9e01f868552fc1a757f1f2924fe4d8aaab468b9881130,nearest_visible_satellite_in_each_other_domain,union,both,23.649316788,sampled
IDL-000677,IDL,os01,ns02,observation,navigation,934,1025,2025-01-01T07:47:00.000000Z,2025-01-01T08:32:30.000000Z,2730.000000000,91,24927.603515625,22747.835937500,30080.369140625,80.000000000,0959490dcfeedeafc8e9e01f868552fc1a757f1f2924fe4d8aaab468b9881130,nearest_visible_satellite_in_each_other_domain,union,both,44.063148499,sampled
IDL-000678,IDL,os01,ns02,observation,navigation,1153,1245,2025-01-01T09:36:30.000000Z,2025-01-01T10:22:30.000000Z,2760.000000000,92,23733.373046875,20884.542968750,30114.507812500,80.000000000,0959490dcfeedeafc8e9e01f868552fc1a757f1f2924fe4d8aaab468b9881130,nearest_visible_satellite_in_each_other_domain,union,both,27.410284042,sampled
IDL-000679,IDL,os01,ns02,observation,navigation,1384,1468,2025-01-01T11:32:00.000000Z,2025-01-01T12:14:00.000000Z,2520.000000000,84,24492.878906250,21643.763671875,30111.601562500,80.000000000,0959490dcfeedeafc8e9e01f868552fc1a757f1f2924fe4d8aaab468b9881130,nearest_visible_satellite_in_each_other_domain,union,both,41.219341278,sampled
IDL-000680,IDL,os01,ns02,observation,navigation,1617,1706,2025-01-01T13:28:30.000000Z,2025-01-01T14:13:00.000000Z,2670.000000000,89,25449.207031250,23223.689453125,30203.449218750,80.000000000,0959490dcfeedeafc8e9e01f868552fc1a757f1f2924fe4d8aaab468b9881130,nearest_visible_satellite_in_each_other_domain,union,both,20.009819031,sampled
IDL-000681,IDL,os01,ns02,observation,navigation,1837,1930,2025-01-01T15:18:30.000000Z,2025-01-01T16:05:00.000000Z,2790.000000000,93,24156.935546875,21510.882812500,30239.945312500,80.000000000,0959490dcfeedeafc8e9e01f868552fc1a757f1f2924fe4d8aaab468b9881130,nearest_visible_satellite_in_each_other_domain,union,both,9.207046509,sampled
IDL-000682,IDL,os01,ns02,observation,navigation,2061,2149,2025-01-01T17:10:30.000000Z,2025-01-01T17:54:30.000000Z,2640.000000000,88,23924.029296875,21003.580078125,30166.572265625,80.000000000,0959490dcfeedeafc8e9e01f868552fc1a757f1f2924fe4d8aaab468b9881130,nearest_visible_satellite_in_each_other_domain,union,both,36.711959839,sampled
IDL-000683,IDL,os01,ns02,observation,navigation,2298,2382,2025-01-01T19:09:00.000000Z,2025-01-01T19:51:00.000000Z,2520.000000000,84,25454.914062500,22900.638671875,30163.490234375,80.000000000,0959490dcfeedeafc8e9e01f868552fc1a757f1f2924fe4d8aaab468b9881130,nearest_visible_satellite_in_each_other_domain,union,both,21.674354553,sampled
IDL-000684,IDL,os01,ns02,observation,navigation,2521,2613,2025-01-01T21:00:30.000000Z,2025-01-01T21:46:30.000000Z,2760.000000000,92,24660.904296875,22370.882812500,30091.841796875,80.000000000,0959490dcfeedeafc8e9e01f868552fc1a757f1f2924fe4d8aaab468b9881130,nearest_visible_satellite_in_each_other_domain,union,both,37.958126068,sampled
IDL-000685,IDL,os01,ns02,observation,navigation,2741,2832,2025-01-01T22:50:30.000000Z,2025-01-01T23:36:00.000000Z,2730.000000000,91,23675.431640625,20782.046875000,30093.117187500,80.000000000,0959490dcfeedeafc8e9e01f868552fc1a757f1f2924fe4d8aaab468b9881130,nearest_visible_satellite_in_each_other_domain,union,both,37.754886627,sampled
IDL-000686,IDL,os01,ns03,observation,navigation,64,156,2025-01-01T00:32:00.000000Z,2025-01-01T01:18:00.000000Z,2760.000000000,92,23786.703125000,20947.576171875,30156.996093750,80.000000000,0959490dcfeedeafc8e9e01f868552fc1a757f1f2924fe4d8aaab468b9881130,nearest_visible_satellite_in_each_other_domain,union,both,44.761566162,sampled
IDL-000687,IDL,os01,ns03,observation,navigation,295,379,2025-01-01T02:27:30.000000Z,2025-01-01T03:09:30.000000Z,2520.000000000,84,24516.082031250,21618.062500000,30200.773437500,80.000000000,0959490dcfeedeafc8e9e01f868552fc1a757f1f2924fe4d8aaab468b9881130,nearest_visible_satellite_in_each_other_domain,union,both,17.723068237,sampled
IDL-000688,IDL,os01,ns03,observation,navigation,528,616,2025-01-01T04:24:00.000000Z,2025-01-01T05:08:00.000000Z,2640.000000000,88,25449.949218750,23229.833984375,30147.222656250,80.000000000,0959490dcfeedeafc8e9e01f868552fc1a757f1f2924fe4d8aaab468b9881130,nearest_visible_satellite_in_each_other_domain,union,both,21.457437515,sampled
IDL-000689,IDL,os01,ns03,observation,navigation,747,840,2025-01-01T06:13:30.000000Z,2025-01-01T07:00:00.000000Z,2790.000000000,93,24106.980468750,21535.824218750,30059.835937500,80.000000000,0959490dcfeedeafc8e9e01f868552fc1a757f1f2924fe4d8aaab468b9881130,nearest_visible_satellite_in_each_other_domain,union,both,49.598739624,sampled
IDL-000690,IDL,os01,ns03,observation,navigation,971,1060,2025-01-01T08:05:30.000000Z,2025-01-01T08:50:00.000000Z,2670.000000000,89,23875.230468750,20935.294921875,30178.031250000,80.000000000,0959490dcfeedeafc8e9e01f868552fc1a757f1f2924fe4d8aaab468b9881130,nearest_visible_satellite_in_each_other_domain,union,both,5.389758110,sampled
IDL-000691,IDL,os01,ns03,observation,navigation,1209,1293,2025-01-01T10:04:30.000000Z,2025-01-01T10:46:30.000000Z,2520.000000000,84,25470.380859375,22843.511718750,30227.986328125,80.000000000,0959490dcfeedeafc8e9e01f868552fc1a757f1f2924fe4d8aaab468b9881130,nearest_visible_satellite_in_each_other_domain,union,both,3.536776304,sampled
IDL-000692,IDL,os01,ns03,observation,navigation,1432,1524,2025-01-01T11:56:00.000000Z,2025-01-01T12:42:00.000000Z,2760.000000000,92,24727.251953125,22442.394531250,30135.064453125,80.000000000,0959490dcfeedeafc8e9e01f868552fc1a757f1f2924fe4d8aaab468b9881130,nearest_visible_satellite_in_each_other_domain,union,both,52.762851715,sampled
IDL-000693,IDL,os01,ns03,observation,navigation,1652,1743,2025-01-01T13:46:00.000000Z,2025-01-01T14:31:30.000000Z,2730.000000000,91,23721.162109375,20831.013671875,30140.595703125,80.000000000,0959490dcfeedeafc8e9e01f868552fc1a757f1f2924fe4d8aaab468b9881130,nearest_visible_satellite_in_each_other_domain,union,both,50.788658142,sampled
IDL-000694,IDL,os01,ns03,observation,navigation,1886,1968,2025-01-01T15:43:00.000000Z,2025-01-01T16:24:00.000000Z,2460.000000000,82,24819.027343750,22002.271484375,30110.859375000,80.000000000,0959490dcfeedeafc8e9e01f868552fc1a757f1f2924fe4d8aaab468b9881130,nearest_visible_satellite_in_each_other_domain,union,both,52.565895081,sampled
IDL-000695,IDL,os01,ns03,observation,navigation,2116,2205,2025-01-01T17:38:00.000000Z,2025-01-01T18:22:30.000000Z,2670.000000000,89,25260.634765625,23130.685546875,30074.451171875,80.000000000,0959490dcfeedeafc8e9e01f868552fc1a757f1f2924fe4d8aaab468b9881130,nearest_visible_satellite_in_each_other_domain,union,both,49.336879730,sampled
IDL-000696,IDL,os01,ns03,observation,navigation,2335,2427,2025-01-01T19:27:30.000000Z,2025-01-01T20:13:30.000000Z,2760.000000000,92,23897.712890625,21206.189453125,30050.365234375,80.000000000,0959490dcfeedeafc8e9e01f868552fc1a757f1f2924fe4d8aaab468b9881130,nearest_visible_satellite_in_each_other_domain,union,both,53.667137146,sampled
IDL-000697,IDL,os01,ns03,observation,navigation,2561,2648,2025-01-01T21:20:30.000000Z,2025-01-01T22:04:00.000000Z,2610.000000000,87,24080.013671875,21172.582031250,30152.929687500,80.000000000,0959490dcfeedeafc8e9e01f868552fc1a757f1f2924fe4d8aaab468b9881130,nearest_visible_satellite_in_each_other_domain,union,both,19.262510300,sampled
IDL-000698,IDL,os01,ns03,observation,navigation,2798,2881,2025-01-01T23:19:00.000000Z,2025-01-02T00:00:00.000000Z,2460.000000000,83,25392.042968750,23107.285156250,29868.691406250,80.000000000,0959490dcfeedeafc8e9e01f868552fc1a757f1f2924fe4d8aaab468b9881130,nearest_visible_satellite_in_each_other_domain,union,both,153.472793579,sampled
IDL-000699,IDL,os01,ns04,observation,navigation,119,203,2025-01-01T00:59:30.000000Z,2025-01-01T01:41:30.000000Z,2520.000000000,84,25430.460937500,22807.205078125,30210.775390625,80.000000000,0959490dcfeedeafc8e9e01f868552fc1a757f1f2924fe4d8aaab468b9881130,nearest_visible_satellite_in_each_other_domain,union,both,2.742691040,sampled
IDL-000700,IDL,os01,ns04,observation,navigation,343,435,2025-01-01T02:51:30.000000Z,2025-01-01T03:37:30.000000Z,2760.000000000,92,24766.949218750,22487.660156250,30156.738281250,80.000000000,0959490dcfeedeafc8e9e01f868552fc1a757f1f2924fe4d8aaab468b9881130,nearest_visible_satellite_in_each_other_domain,union,both,10.765480995,sampled
IDL-000701,IDL,os01,ns04,observation,navigation,562,654,2025-01-01T04:41:00.000000Z,2025-01-01T05:27:00.000000Z,2760.000000000,92,23699.423828125,20800.972656250,30135.939453125,80.000000000,0959490dcfeedeafc8e9e01f868552fc1a757f1f2924fe4d8aaab468b9881130,nearest_visible_satellite_in_each_other_domain,union,both,18.921974182,sampled
IDL-000702,IDL,os01,ns04,observation,navigation,796,879,2025-01-01T06:38:00.000000Z,2025-01-01T07:19:30.000000Z,2490.000000000,83,24768.523437500,21918.234375000,30157.609375000,80.000000000,0959490dcfeedeafc8e9e01f868552fc1a757f1f2924fe4d8aaab468b9881130,nearest_visible_satellite_in_each_other_domain,union,both,24.421909332,sampled
IDL-000703,IDL,os01,ns04,observation,navigation,1027,1116,2025-01-01T08:33:30.000000Z,2025-01-01T09:18:00.000000Z,2670.000000000,89,25315.013671875,23155.441406250,30130.193359375,80.000000000,0959490dcfeedeafc8e9e01f868552fc1a757f1f2924fe4d8aaab468b9881130,nearest_visible_satellite_in_each_other_domain,union,both,52.262100220,sampled
IDL-000704,IDL,os01,ns04,observation,navigation,1246,1338,2025-01-01T10:23:00.000000Z,2025-01-01T11:09:00.000000Z,2760.000000000,92,23959.701171875,21282.203125000,30089.427734375,80.000000000,0959490dcfeedeafc8e9e01f868552fc1a757f1f2924fe4d8aaab468b9881130,nearest_visible_satellite_in_each_other_domain,union,both,73.057952881,sampled
IDL-000705,IDL,os01,ns04,observation,navigation,1472,1559,2025-01-01T12:16:00.000000Z,2025-01-01T12:59:30.000000Z,2610.000000000,87,24104.208984375,21168.011718750,30227.242187500,80.000000000,0959490dcfeedeafc8e9e01f868552fc1a757f1f2924fe4d8aaab468b9881130,nearest_visible_satellite_in_each_other_domain,union,both,9.490958214,sampled
IDL-000706,IDL,os01,ns04,observation,navigation,1708,1794,2025-01-01T14:14:00.000000Z,2025-01-01T14:57:00.000000Z,2580.000000000,86,25528.632812500,23083.496093750,30207.123046875,80.000000000,0959490dcfeedeafc8e9e01f868552fc1a757f1f2924fe4d8aaab468b9881130,nearest_visible_satellite_in_each_other_domain,union,both,0.337485820,sampled
IDL-000707,IDL,os01,ns04,observation,navigation,1930,2022,2025-01-01T16:05:00.000000Z,2025-01-01T16:51:00.000000Z,2760.000000000,92,24457.193359375,22085.847656250,30057.552734375,80.000000000,0959490dcfeedeafc8e9e01f868552fc1a757f1f2924fe4d8aaab468b9881130,nearest_visible_satellite_in_each_other_domain,union,both,51.470027924,sampled
IDL-000708,IDL,os01,ns04,observation,navigation,2151,2241,2025-01-01T17:55:30.000000Z,2025-01-01T18:40:30.000000Z,2700.000000000,90,23687.738281250,20776.558593750,30090.707031250,80.000000000,0959490dcfeedeafc8e9e01f868552fc1a757f1f2924fe4d8aaab468b9881130,nearest_visible_satellite_in_each_other_domain,union,both,39.697071075,sampled
IDL-000709,IDL,os01,ns04,observation,navigation,2387,2469,2025-01-01T19:53:30.000000Z,2025-01-01T20:34:30.000000Z,2460.000000000,82,25088.898437500,22323.916015625,30122.464843750,80.000000000,0959490dcfeedeafc8e9e01f868552fc1a757f1f2924fe4d8aaab468b9881130,nearest_visible_satellite_in_each_other_domain,union,both,43.551071167,sampled
IDL-000710,IDL,os01,ns04,observation,navigation,2614,2705,2025-01-01T21:47:00.000000Z,2025-01-01T22:32:30.000000Z,2730.000000000,91,25100.832031250,22931.191406250,30154.392578125,80.000000000,0959490dcfeedeafc8e9e01f868552fc1a757f1f2924fe4d8aaab468b9881130,nearest_visible_satellite_in_each_other_domain,union,both,43.226558685,sampled
IDL-000711,IDL,os01,ns04,observation,navigation,2833,2881,2025-01-01T23:36:30.000000Z,2025-01-02T00:00:00.000000Z,1410.000000000,48,21851.263671875,21025.359375000,24004.818359375,80.000000000,0959490dcfeedeafc8e9e01f868552fc1a757f1f2924fe4d8aaab468b9881130,nearest_visible_satellite_in_each_other_domain,union,both,701.964050293,sampled
IDL-000712,IDL,os01,ns05,observation,navigation,0,27,2025-01-01T00:00:00.000000Z,2025-01-01T00:13:30.000000Z,810.000000000,27,28377.816406250,26558.636718750,30189.851562500,80.000000000,0959490dcfeedeafc8e9e01f868552fc1a757f1f2924fe4d8aaab468b9881130,nearest_visible_satellite_in_each_other_domain,union,ns05,1.237385988,sampled
IDL-000713,IDL,os01,ns05,observation,navigation,156,249,2025-01-01T01:18:00.000000Z,2025-01-01T02:04:30.000000Z,2790.000000000,93,23967.951171875,21296.207031250,30085.066406250,80.000000000,0959490dcfeedeafc8e9e01f868552fc1a757f1f2924fe4d8aaab468b9881130,nearest_visible_satellite_in_each_other_domain,union,both,38.930675507,sampled
IDL-000714,IDL,os01,ns05,observation,navigation,382,469,2025-01-01T03:11:00.000000Z,2025-01-01T03:54:30.000000Z,2610.000000000,87,23978.890625000,21092.025390625,30084.361328125,80.000000000,0959490dcfeedeafc8e9e01f868552fc1a757f1f2924fe4d8aaab468b9881130,nearest_visible_satellite_in_each_other_domain,union,both,46.697143555,sampled
IDL-000715,IDL,os01,ns05,observation,navigation,619,704,2025-01-01T05:09:30.000000Z,2025-01-01T05:52:00.000000Z,2550.000000000,85,25499.423828125,23040.998046875,30152.324218750,80.000000000,0959490dcfeedeafc8e9e01f868552fc1a757f1f2924fe4d8aaab468b9881130,nearest_visible_satellite_in_each_other_domain,union,both,38.070034027,sampled
IDL-000716,IDL,os01,ns05,observation,navigation,841,933,2025-01-01T07:00:30.000000Z,2025-01-01T07:46:30.000000Z,2760.000000000,92,24524.568359375,22163.236328125,30098.646484375,80.000000000,0959490dcfeedeafc8e9e01f868552fc1a757f1f2924fe4d8aaab468b9881130,nearest_visible_satellite_in_each_other_domain,union,both,68.507461548,sampled
IDL-000717,IDL,os01,ns05,observation,navigation,1062,1152,2025-01-01T08:51:00.000000Z,2025-01-01T09:36:00.000000Z,2700.000000000,90,23727.861328125,20814.289062500,30142.728515625,80.000000000,0959490dcfeedeafc8e9e01f868552fc1a757f1f2924fe4d8aaab468b9881130,nearest_visible_satellite_in_each_other_domain,union,both,49.345165253,sampled
IDL-000718,IDL,os01,ns05,observation,navigation,1297,1380,2025-01-01T10:48:30.000000Z,2025-01-01T11:30:00.000000Z,2490.000000000,83,25092.640625000,22283.824218750,30225.427734375,80.000000000,0959490dcfeedeafc8e9e01f868552fc1a757f1f2924fe4d8aaab468b9881130,nearest_visible_satellite_in_each_other_domain,union,both,1.485075474,sampled
IDL-000719,IDL,os01,ns05,observation,navigation,1525,1615,2025-01-01T12:42:30.000000Z,2025-01-01T13:27:30.000000Z,2700.000000000,90,25094.511718750,22968.349609375,30052.492187500,80.000000000,0959490dcfeedeafc8e9e01f868552fc1a757f1f2924fe4d8aaab468b9881130,nearest_visible_satellite_in_each_other_domain,union,both,56.905334473,sampled
IDL-000720,IDL,os01,ns05,observation,navigation,1744,1836,2025-01-01T14:32:00.000000Z,2025-01-01T15:18:00.000000Z,2760.000000000,92,23799.636718750,21021.382812500,30083.652343750,80.000000000,0959490dcfeedeafc8e9e01f868552fc1a757f1f2924fe4d8aaab468b9881130,nearest_visible_satellite_in_each_other_domain,union,both,39.997806549,sampled
IDL-000721,IDL,os01,ns05,observation,navigation,1973,2058,2025-01-01T16:26:30.000000Z,2025-01-01T17:09:00.000000Z,2550.000000000,85,24294.751953125,21391.318359375,30156.751953125,80.000000000,0959490dcfeedeafc8e9e01f868552fc1a757f1f2924fe4d8aaab468b9881130,nearest_visible_satellite_in_each_other_domain,union,both,19.786041260,sampled
IDL-000722,IDL,os01,ns05,observation,navigation,2208,2295,2025-01-01T18:24:00.000000Z,2025-01-01T19:07:30.000000Z,2610.000000000,87,25527.257812500,23207.333984375,30196.458984375,80.000000000,0959490dcfeedeafc8e9e01f868552fc1a757f1f2924fe4d8aaab468b9881130,nearest_visible_satellite_in_each_other_domain,union,both,21.729417801,sampled
IDL-000723,IDL,os01,ns05,observation,navigation,2428,2521,2025-01-01T20:14:00.000000Z,2025-01-01T21:00:30.000000Z,2790.000000000,93,24312.251953125,21768.898437500,30219.488281250,80.000000000,0959490dcfeedeafc8e9e01f868552fc1a757f1f2924fe4d8aaab468b9881130,nearest_visible_satellite_in_each_other_domain,union,both,17.761575699,sampled
IDL-000724,IDL,os01,ns05,observation,navigation,2650,2740,2025-01-01T22:05:00.000000Z,2025-01-01T22:50:00.000000Z,2700.000000000,90,23840.505859375,20887.462890625,30233.056640625,80.000000000,0959490dcfeedeafc8e9e01f868552fc1a757f1f2924fe4d8aaab468b9881130,nearest_visible_satellite_in_each_other_domain,union,both,9.270229340,sampled
IDL-000725,IDL,os02,ns01,observation,navigation,0,24,2025-01-01T00:00:00.000000Z,2025-01-01T00:12:00.000000Z,720.000000000,24,21928.240234375,20862.716796875,23500.646484375,80.000000000,0959490dcfeedeafc8e9e01f868552fc1a757f1f2924fe4d8aaab468b9881130,nearest_visible_satellite_in_each_other_domain,union,os02,695.978210449,sampled
IDL-000726,IDL,os02,ns01,observation,navigation,202,245,2025-01-01T01:41:00.000000Z,2025-01-01T02:02:30.000000Z,1290.000000000,43,22757.517578125,22154.072265625,24352.103515625,80.000000000,0959490dcfeedeafc8e9e01f868552fc1a757f1f2924fe4d8aaab468b9881130,nearest_visible_satellite_in_each_other_domain,union,both,695.767761230,sampled
IDL-000727,IDL,os02,ns01,observation,navigation,431,466,2025-01-01T03:35:30.000000Z,2025-01-01T03:53:00.000000Z,1050.000000000,35,23322.322265625,23041.082031250,24087.072265625,80.000000000,0959490dcfeedeafc8e9e01f868552fc1a757f1f2924fe4d8aaab468b9881130,nearest_visible_satellite_in_each_other_domain,union,both,696.058227539,sampled
IDL-000728,IDL,os02,ns01,observation,navigation,650,703,2025-01-01T05:25:00.000000Z,2025-01-01T05:51:30.000000Z,1590.000000000,53,21987.480468750,21121.984375000,24040.203125000,80.000000000,0959490dcfeedeafc8e9e01f868552fc1a757f1f2924fe4d8aaab468b9881130,nearest_visible_satellite_in_each_other_domain,union,both,700.969848633,sampled
IDL-000729,IDL,os02,ns01,observation,navigation,878,929,2025-01-01T07:19:00.000000Z,2025-01-01T07:44:30.000000Z,1530.000000000,51,22155.451171875,21336.755859375,24226.544921875,80.000000000,0959490dcfeedeafc8e9e01f868552fc1a757f1f2924fe4d8aaab468b9881130,nearest_visible_satellite_in_each_other_domain,union,both,712.823181152,sampled
IDL-000730,IDL,os02,ns01,observation,navigation,1113,1148,2025-01-01T09:16:30.000000Z,2025-01-01T09:34:00.000000Z,1050.000000000,35,23409.144531250,23182.923828125,23973.060546875,80.000000000,0959490dcfeedeafc8e9e01f868552fc1a757f1f2924fe4d8aaab468b9881130,nearest_visible_satellite_in_each_other_domain,union,both,709.095458984,sampled
IDL-000731,IDL,os02,ns01,observation,navigation,1334,1379,2025-01-01T11:07:00.000000Z,2025-01-01T11:29:30.000000Z,1350.000000000,45,22511.417968750,21851.611328125,24254.550781250,80.000000000,0959490dcfeedeafc8e9e01f868552fc1a757f1f2924fe4d8aaab468b9881130,nearest_visible_satellite_in_each_other_domain,union,both,701.535156250,sampled
IDL-000732,IDL,os02,ns01,observation,navigation,1556,1612,2025-01-01T12:58:00.000000Z,2025-01-01T13:26:00.000000Z,1680.000000000,56,21781.291015625,20815.312500000,23734.662109375,80.000000000,0959490dcfeedeafc8e9e01f868552fc1a757f1f2924fe4d8aaab468b9881130,nearest_visible_satellite_in_each_other_domain,union,both,695.933837891,sampled
IDL-000733,IDL,os02,ns01,observation,navigation,1793,1832,2025-01-01T14:56:30.000000Z,2025-01-01T15:16:00.000000Z,1170.000000000,39,23033.025390625,22552.064453125,24302.210937500,80.000000000,0959490dcfeedeafc8e9e01f868552fc1a757f1f2924fe4d8aaab468b9881130,nearest_visible_satellite_in_each_other_domain,union,both,695.953918457,sampled
IDL-000734,IDL,os02,ns01,observation,navigation,2018,2056,2025-01-01T16:49:00.000000Z,2025-01-01T17:08:00.000000Z,1140.000000000,38,23153.365234375,22746.712890625,24244.046875000,80.000000000,0959490dcfeedeafc8e9e01f868552fc1a757f1f2924fe4d8aaab468b9881130,nearest_visible_satellite_in_each_other_domain,union,both,696.730651855,sampled
IDL-000735,IDL,os02,ns01,observation,navigation,2237,2293,2025-01-01T18:38:30.000000Z,2025-01-01T19:06:30.000000Z,1680.000000000,56,21880.658203125,20919.349609375,23945.158203125,80.000000000,0959490dcfeedeafc8e9e01f868552fc1a757f1f2924fe4d8aaab468b9881130,nearest_visible_satellite_in_each_other_domain,union,both,702.654846191,sampled
IDL-000736,IDL,os02,ns01,observation,navigation,2469,2516,2025-01-01T20:34:30.000000Z,2025-01-01T20:58:00.000000Z,1410.000000000,47,22401.789062500,21682.607421875,24293.210937500,80.000000000,0959490dcfeedeafc8e9e01f868552fc1a757f1f2924fe4d8aaab468b9881130,nearest_visible_satellite_in_each_other_domain,union,both,712.790771484,sampled
IDL-000737,IDL,os02,ns01,observation,navigation,2701,2736,2025-01-01T22:30:30.000000Z,2025-01-01T22:48:00.000000Z,1050.000000000,35,23435.173828125,23225.210937500,23879.185546875,80.000000000,0959490dcfeedeafc8e9e01f868552fc1a757f1f2924fe4d8aaab468b9881130,nearest_visible_satellite_in_each_other_domain,union,both,707.787414551,sampled
IDL-000738,IDL,os02,ns02,observation,navigation,24,59,2025-01-01T00:12:00.000000Z,2025-01-01T00:29:30.000000Z,1050.000000000,35,23393.005859375,23156.253906250,24006.880859375,80.000000000,0959490dcfeedeafc8e9e01f868552fc1a757f1f2924fe4d8aaab468b9881130,nearest_visible_satellite_in_each_other_domain,union,both,695.744689941,sampled
IDL-000739,IDL,os02,ns02,observation,navigation,245,289,2025-01-01T02:02:30.000000Z,2025-01-01T02:24:30.000000Z,1320.000000000,44,22572.060546875,21931.974609375,24268.082031250,80.000000000,0959490dcfeedeafc8e9e01f868552fc1a757f1f2924fe4d8aaab468b9881130,nearest_visible_satellite_in_each_other_domain,union,both,698.064758301,sampled
IDL-000740,IDL,os02,ns02,observation,navigation,466,523,2025-01-01T03:53:00.000000Z,2025-01-01T04:21:30.000000Z,1710.000000000,57,21836.529296875,20843.304687500,23778.490234375,80.000000000,0959490dcfeedeafc8e9e01f868552fc1a757f1f2924fe4d8aaab468b9881130,nearest_visible_satellite_in_each_other_domain,union,both,706.491271973,sampled
IDL-000741,IDL,os02,ns02,observation,navigation,703,742,2025-01-01T05:51:30.000000Z,2025-01-01T06:11:00.000000Z,1170.000000000,39,22981.087890625,22511.224609375,24228.976562500,80.000000000,0959490dcfeedeafc8e9e01f868552fc1a757f1f2924fe4d8aaab468b9881130,nearest_visible_satellite_in_each_other_domain,union,both,711.489135742,sampled
IDL-000742,IDL,os02,ns02,observation,navigation,929,966,2025-01-01T07:44:30.000000Z,2025-01-01T08:03:00.000000Z,1110.000000000,37,23172.478515625,22789.595703125,24199.884765625,80.000000000,0959490dcfeedeafc8e9e01f868552fc1a757f1f2924fe4d8aaab468b9881130,nearest_visible_satellite_in_each_other_domain,union,both,705.526733398,sampled
IDL-000743,IDL,os02,ns02,observation,navigation,1148,1203,2025-01-01T09:34:00.000000Z,2025-01-01T10:01:30.000000Z,1650.000000000,55,21840.740234375,20904.615234375,23916.761718750,80.000000000,0959490dcfeedeafc8e9e01f868552fc1a757f1f2924fe4d8aaab468b9881130,nearest_visible_satellite_in_each_other_domain,union,both,697.038024902,sampled
IDL-000744,IDL,os02,ns02,observation,navigation,1379,1427,2025-01-01T11:29:30.000000Z,2025-01-01T11:53:30.000000Z,1440.000000000,48,22337.099609375,21598.078125000,24269.162109375,80.000000000,0959490dcfeedeafc8e9e01f868552fc1a757f1f2924fe4d8aaab468b9881130,nearest_visible_satellite_in_each_other_domain,union,both,695.906494141,sampled
IDL-000745,IDL,os02,ns02,observation,navigation,1612,1647,2025-01-01T13:26:00.000000Z,2025-01-01T13:43:30.000000Z,1050.000000000,35,23435.617187500,23227.019531250,23833.650390625,80.000000000,0959490dcfeedeafc8e9e01f868552fc1a757f1f2924fe4d8aaab468b9881130,nearest_visible_satellite_in_each_other_domain,union,both,695.930053711,sampled
IDL-000746,IDL,os02,ns02,observation,navigation,1832,1880,2025-01-01T15:16:00.000000Z,2025-01-01T15:40:00.000000Z,1440.000000000,48,22293.537109375,21554.121093750,24221.093750000,80.000000000,0959490dcfeedeafc8e9e01f868552fc1a757f1f2924fe4d8aaab468b9881130,nearest_visible_satellite_in_each_other_domain,union,both,699.391723633,sampled
IDL-000747,IDL,os02,ns02,observation,navigation,2056,2111,2025-01-01T17:08:00.000000Z,2025-01-01T17:35:30.000000Z,1650.000000000,55,21913.902343750,20980.035156250,24038.226562500,80.000000000,0959490dcfeedeafc8e9e01f868552fc1a757f1f2924fe4d8aaab468b9881130,nearest_visible_satellite_in_each_other_domain,union,both,709.504699707,sampled
IDL-000748,IDL,os02,ns02,observation,navigation,2293,2330,2025-01-01T19:06:30.000000Z,2025-01-01T19:25:00.000000Z,1110.000000000,37,23233.582031250,22863.134765625,24230.933593750,80.000000000,0959490dcfeedeafc8e9e01f868552fc1a757f1f2924fe4d8aaab468b9881130,nearest_visible_satellite_in_each_other_domain,union,both,710.138244629,sampled
IDL-000749,IDL,os02,ns02,observation,navigation,2516,2556,2025-01-01T20:58:00.000000Z,2025-01-01T21:18:00.000000Z,1200.000000000,40,22934.027343750,22419.578125000,24290.035156250,80.000000000,0959490dcfeedeafc8e9e01f868552fc1a757f1f2924fe4d8aaab468b9881130,nearest_visible_satellite_in_each_other_domain,union,both,703.841735840,sampled
IDL-000750,IDL,os02,ns02,observation,navigation,2736,2793,2025-01-01T22:48:00.000000Z,2025-01-01T23:16:30.000000Z,1710.000000000,57,21785.064453125,20788.105468750,23660.005859375,80.000000000,0959490dcfeedeafc8e9e01f868552fc1a757f1f2924fe4d8aaab468b9881130,nearest_visible_satellite_in_each_other_domain,union,both,696.355957031,sampled
IDL-000751,IDL,os02,ns03,observation,navigation,59,114,2025-01-01T00:29:30.000000Z,2025-01-01T00:57:00.000000Z,1650.000000000,55,21895.900390625,20968.947265625,23940.261718750,80.000000000,0959490dcfeedeafc8e9e01f868552fc1a757f1f2924fe4d8aaab468b9881130,nearest_visible_satellite_in_each_other_domain,union,both,701.861877441,sampled
IDL-000752,IDL,os02,ns03,observation,navigation,289,338,2025-01-01T02:24:30.000000Z,2025-01-01T02:49:00.000000Z,1470.000000000,49,22333.316406250,21573.843750000,24304.884765625,80.000000000,0959490dcfeedeafc8e9e01f868552fc1a757f1f2924fe4d8aaab468b9881130,nearest_visible_satellite_in_each_other_domain,union,both,713.384704590,sampled
IDL-000753,IDL,os02,ns03,observation,navigation,523,557,2025-01-01T04:21:30.000000Z,2025-01-01T04:38:30.000000Z,1020.000000000,34,23426.279296875,23230.634765625,23784.982421875,80.000000000,0959490dcfeedeafc8e9e01f868552fc1a757f1f2924fe4d8aaab468b9881130,nearest_visible_satellite_in_each_other_domain,union,both,708.569885254,sampled
IDL-000754,IDL,os02,ns03,observation,navigation,742,791,2025-01-01T06:11:00.000000Z,2025-01-01T06:35:30.000000Z,1470.000000000,49,22348.152343750,21580.740234375,24345.328125000,80.000000000,0959490dcfeedeafc8e9e01f868552fc1a757f1f2924fe4d8aaab468b9881130,nearest_visible_satellite_in_each_other_domain,union,both,700.240112305,sampled
IDL-000755,IDL,os02,ns03,observation,navigation,966,1022,2025-01-01T08:03:00.000000Z,2025-01-01T08:31:00.000000Z,1680.000000000,56,21877.878906250,20913.234375000,24003.671875000,80.000000000,0959490dcfeedeafc8e9e01f868552fc1a757f1f2924fe4d8aaab468b9881130,nearest_visible_satellite_in_each_other_domain,union,both,695.860534668,sampled
IDL-000756,IDL,os02,ns03,observation,navigation,1203,1241,2025-01-01T10:01:30.000000Z,2025-01-01T10:20:30.000000Z,1140.000000000,38,23193.626953125,22803.404296875,24244.228515625,80.000000000,0959490dcfeedeafc8e9e01f868552fc1a757f1f2924fe4d8aaab468b9881130,nearest_visible_satellite_in_each_other_domain,union,both,695.883361816,sampled
IDL-000757,IDL,os02,ns03,observation,navigation,1427,1467,2025-01-01T11:53:30.000000Z,2025-01-01T12:13:30.000000Z,1200.000000000,40,22981.451171875,22489.947265625,24288.734375000,80.000000000,0959490dcfeedeafc8e9e01f868552fc1a757f1f2924fe4d8aaab468b9881130,nearest_visible_satellite_in_each_other_domain,union,both,697.080932617,sampled
IDL-000758,IDL,os02,ns03,observation,navigation,1647,1703,2025-01-01T13:43:30.000000Z,2025-01-01T14:11:30.000000Z,1680.000000000,56,21800.806640625,20839.333984375,23679.552734375,80.000000000,0959490dcfeedeafc8e9e01f868552fc1a757f1f2924fe4d8aaab468b9881130,nearest_visible_satellite_in_each_other_domain,union,both,704.020812988,sampled
IDL-000759,IDL,os02,ns03,observation,navigation,1880,1925,2025-01-01T15:40:00.000000Z,2025-01-01T16:02:30.000000Z,1350.000000000,45,22609.267578125,21953.572265625,24342.068359375,80.000000000,0959490dcfeedeafc8e9e01f868552fc1a757f1f2924fe4d8aaab468b9881130,nearest_visible_satellite_in_each_other_domain,union,both,712.288940430,sampled
IDL-000760,IDL,os02,ns03,observation,navigation,2111,2146,2025-01-01T17:35:30.000000Z,2025-01-01T17:53:00.000000Z,1050.000000000,35,23384.822265625,23151.570312500,23980.242187500,80.000000000,0959490dcfeedeafc8e9e01f868552fc1a757f1f2924fe4d8aaab468b9881130,nearest_visible_satellite_in_each_other_domain,union,both,707.045227051,sampled
IDL-000761,IDL,os02,ns03,observation,navigation,2330,2381,2025-01-01T19:25:00.000000Z,2025-01-01T19:50:30.000000Z,1530.000000000,51,22061.951171875,21243.113281250,24113.480468750,80.000000000,0959490dcfeedeafc8e9e01f868552fc1a757f1f2924fe4d8aaab468b9881130,nearest_visible_satellite_in_each_other_domain,union,both,698.770446777,sampled
IDL-000762,IDL,os02,ns03,observation,navigation,2556,2609,2025-01-01T21:18:00.000000Z,2025-01-01T21:44:30.000000Z,1590.000000000,53,22007.054687500,21138.904296875,24098.826171875,80.000000000,0959490dcfeedeafc8e9e01f868552fc1a757f1f2924fe4d8aaab468b9881130,nearest_visible_satellite_in_each_other_domain,union,both,696.046569824,sampled
IDL-000763,IDL,os02,ns03,observation,navigation,2793,2828,2025-01-01T23:16:30.000000Z,2025-01-01T23:34:00.000000Z,1050.000000000,35,23348.875000000,23081.560546875,24071.054687500,80.000000000,0959490dcfeedeafc8e9e01f868552fc1a757f1f2924fe4d8aaab468b9881130,nearest_visible_satellite_in_each_other_domain,union,both,696.070129395,sampled
IDL-000764,IDL,os02,ns04,observation,navigation,114,151,2025-01-01T00:57:00.000000Z,2025-01-01T01:15:30.000000Z,1110.000000000,37,23152.046875000,22766.539062500,24186.890625000,80.000000000,0959490dcfeedeafc8e9e01f868552fc1a757f1f2924fe4d8aaab468b9881130,nearest_visible_satellite_in_each_other_domain,union,both,710.968383789,sampled
IDL-000765,IDL,os02,ns04,observation,navigation,338,377,2025-01-01T02:49:00.000000Z,2025-01-01T03:08:30.000000Z,1170.000000000,39,23004.511718750,22534.835937500,24249.271484375,80.000000000,0959490dcfeedeafc8e9e01f868552fc1a757f1f2924fe4d8aaab468b9881130,nearest_visible_satellite_in_each_other_domain,union,both,704.509460449,sampled
IDL-000766,IDL,os02,ns04,observation,navigation,557,614,2025-01-01T04:38:30.000000Z,2025-01-01T05:07:00.000000Z,1710.000000000,57,21809.685546875,20811.410156250,23825.142578125,80.000000000,0959490dcfeedeafc8e9e01f868552fc1a757f1f2924fe4d8aaab468b9881130,nearest_visible_satellite_in_each_other_domain,union,both,696.375854492,sampled
IDL-000767,IDL,os02,ns04,observation,navigation,791,836,2025-01-01T06:35:30.000000Z,2025-01-01T06:58:00.000000Z,1350.000000000,45,22544.062500000,21869.167968750,24324.914062500,80.000000000,0959490dcfeedeafc8e9e01f868552fc1a757f1f2924fe4d8aaab468b9881130,nearest_visible_satellite_in_each_other_domain,union,both,695.838134766,sampled
IDL-000768,IDL,os02,ns04,observation,navigation,1022,1056,2025-01-01T08:31:00.000000Z,2025-01-01T08:48:00.000000Z,1020.000000000,34,23391.816406250,23173.601562500,23946.863281250,80.000000000,0959490dcfeedeafc8e9e01f868552fc1a757f1f2924fe4d8aaab468b9881130,nearest_visible_satellite_in_each_other_domain,union,both,695.953491211,sampled
IDL-000769,IDL,os02,ns04,observation,navigation,1241,1292,2025-01-01T10:20:30.000000Z,2025-01-01T10:46:00.000000Z,1530.000000000,51,22125.474609375,21319.710937500,24136.652343750,80.000000000,0959490dcfeedeafc8e9e01f868552fc1a757f1f2924fe4d8aaab468b9881130,nearest_visible_satellite_in_each_other_domain,union,both,700.143798828,sampled
IDL-000770,IDL,os02,ns04,observation,navigation,1467,1520,2025-01-01T12:13:30.000000Z,2025-01-01T12:40:00.000000Z,1590.000000000,53,22012.125000000,21136.240234375,24134.871093750,80.000000000,0959490dcfeedeafc8e9e01f868552fc1a757f1f2924fe4d8aaab468b9881130,nearest_visible_satellite_in_each_other_domain,union,both,711.239013672,sampled
IDL-000771,IDL,os02,ns04,observation,navigation,1703,1739,2025-01-01T14:11:30.000000Z,2025-01-01T14:29:30.000000Z,1080.000000000,36,23343.576171875,23055.939453125,24122.281250000,80.000000000,0959490dcfeedeafc8e9e01f868552fc1a757f1f2924fe4d8aaab468b9881130,nearest_visible_satellite_in_each_other_domain,union,both,709.617919922,sampled
IDL-000772,IDL,os02,ns04,observation,navigation,1925,1968,2025-01-01T16:02:30.000000Z,2025-01-01T16:24:00.000000Z,1290.000000000,43,22725.921875000,22135.757812500,24288.769531250,80.000000000,0959490dcfeedeafc8e9e01f868552fc1a757f1f2924fe4d8aaab468b9881130,nearest_visible_satellite_in_each_other_domain,union,both,702.588867188,sampled
IDL-000773,IDL,os02,ns04,observation,navigation,2146,2203,2025-01-01T17:53:00.000000Z,2025-01-01T18:21:30.000000Z,1710.000000000,57,21773.351562500,20773.626953125,23656.802734375,80.000000000,0959490dcfeedeafc8e9e01f868552fc1a757f1f2924fe4d8aaab468b9881130,nearest_visible_satellite_in_each_other_domain,union,both,696.069519043,sampled
IDL-000774,IDL,os02,ns04,observation,navigation,2381,2423,2025-01-01T19:50:30.000000Z,2025-01-01T20:11:30.000000Z,1260.000000000,42,22835.626953125,22274.406250000,24321.511718750,80.000000000,0959490dcfeedeafc8e9e01f868552fc1a757f1f2924fe4d8aaab468b9881130,nearest_visible_satellite_in_each_other_domain,union,both,696.023315430,sampled
IDL-000775,IDL,os02,ns04,observation,navigation,2609,2645,2025-01-01T21:44:30.000000Z,2025-01-01T22:02:30.000000Z,1080.000000000,36,23287.029296875,22965.832031250,24159.132812500,80.000000000,0959490dcfeedeafc8e9e01f868552fc1a757f1f2924fe4d8aaab468b9881130,nearest_visible_satellite_in_each_other_domain,union,both,696.475463867,sampled
IDL-000776,IDL,os02,ns04,observation,navigation,2828,2881,2025-01-01T23:34:00.000000Z,2025-01-02T00:00:00.000000Z,1560.000000000,53,21934.162109375,21052.292968750,24043.033203125,80.000000000,0959490dcfeedeafc8e9e01f868552fc1a757f1f2924fe4d8aaab468b9881130,nearest_visible_satellite_in_each_other_domain,union,both,701.742065430,sampled
IDL-000777,IDL,os02,ns05,observation,navigation,151,202,2025-01-01T01:15:30.000000Z,2025-01-01T01:41:00.000000Z,1530.000000000,51,22163.154296875,21335.689453125,24271.031250000,80.000000000,0959490dcfeedeafc8e9e01f868552fc1a757f1f2924fe4d8aaab468b9881130,nearest_visible_satellite_in_each_other_domain,union,both,699.191589355,sampled
IDL-000778,IDL,os02,ns05,observation,navigation,377,431,2025-01-01T03:08:30.000000Z,2025-01-01T03:35:30.000000Z,1620.000000000,54,21964.652343750,21061.427734375,24101.210937500,80.000000000,0959490dcfeedeafc8e9e01f868552fc1a757f1f2924fe4d8aaab468b9881130,nearest_visible_satellite_in_each_other_domain,union,both,695.791137695,sampled
IDL-000779,IDL,os02,ns05,observation,navigation,614,650,2025-01-01T05:07:00.000000Z,2025-01-01T05:25:00.000000Z,1080.000000000,36,23316.236328125,23010.964843750,24145.837890625,80.000000000,0959490dcfeedeafc8e9e01f868552fc1a757f1f2924fe4d8aaab468b9881130,nearest_visible_satellite_in_each_other_domain,union,both,695.814941406,sampled
IDL-000780,IDL,os02,ns05,observation,navigation,836,878,2025-01-01T06:58:00.000000Z,2025-01-01T07:19:00.000000Z,1260.000000000,42,22783.173828125,22212.384765625,24295.484375000,80.000000000,0959490dcfeedeafc8e9e01f868552fc1a757f1f2924fe4d8aaab468b9881130,nearest_visible_satellite_in_each_other_domain,union,both,697.526184082,sampled
IDL-000781,IDL,os02,ns05,observation,navigation,1056,1113,2025-01-01T08:48:00.000000Z,2025-01-01T09:16:30.000000Z,1710.000000000,57,21808.480468750,20813.222656250,23607.500000000,80.000000000,0959490dcfeedeafc8e9e01f868552fc1a757f1f2924fe4d8aaab468b9881130,nearest_visible_satellite_in_each_other_domain,union,both,705.033752441,sampled
IDL-000782,IDL,os02,ns05,observation,navigation,1292,1334,2025-01-01T10:46:00.000000Z,2025-01-01T11:07:00.000000Z,1260.000000000,42,22820.265625000,22234.919921875,24361.115234375,80.000000000,0959490dcfeedeafc8e9e01f868552fc1a757f1f2924fe4d8aaab468b9881130,nearest_visible_satellite_in_each_other_domain,union,both,711.778137207,sampled
IDL-000783,IDL,os02,ns05,observation,navigation,1520,1556,2025-01-01T12:40:00.000000Z,2025-01-01T12:58:00.000000Z,1080.000000000,36,23300.054687500,23000.996093750,24110.349609375,80.000000000,0959490dcfeedeafc8e9e01f868552fc1a757f1f2924fe4d8aaab468b9881130,nearest_visible_satellite_in_each_other_domain,union,both,706.293334961,sampled
IDL-000784,IDL,os02,ns05,observation,navigation,1739,1793,2025-01-01T14:29:30.000000Z,2025-01-01T14:56:30.000000Z,1620.000000000,54,21944.560546875,21050.544921875,24015.865234375,80.000000000,0959490dcfeedeafc8e9e01f868552fc1a757f1f2924fe4d8aaab468b9881130,nearest_visible_satellite_in_each_other_domain,union,both,697.672912598,sampled
IDL-000785,IDL,os02,ns05,observation,navigation,1968,2018,2025-01-01T16:24:00.000000Z,2025-01-01T16:49:00.000000Z,1500.000000000,50,22148.837890625,21350.753906250,24191.296875000,80.000000000,0959490dcfeedeafc8e9e01f868552fc1a757f1f2924fe4d8aaab468b9881130,nearest_visible_satellite_in_each_other_domain,union,both,695.977844238,sampled
IDL-000786,IDL,os02,ns05,observation,navigation,2203,2237,2025-01-01T18:21:30.000000Z,2025-01-01T18:38:30.000000Z,1020.000000000,34,23405.531250000,23195.128906250,23918.060546875,80.000000000,0959490dcfeedeafc8e9e01f868552fc1a757f1f2924fe4d8aaab468b9881130,nearest_visible_satellite_in_each_other_domain,union,both,696.000427246,sampled
IDL-000787,IDL,os02,ns05,observation,navigation,2423,2469,2025-01-01T20:11:30.000000Z,2025-01-01T20:34:30.000000Z,1380.000000000,46,22494.880859375,21816.019531250,24285.718750000,80.000000000,0959490dcfeedeafc8e9e01f868552fc1a757f1f2924fe4d8aaab468b9881130,nearest_visible_satellite_in_each_other_domain,union,both,698.720397949,sampled
IDL-000788,IDL,os02,ns05,observation,navigation,2645,2701,2025-01-01T22:02:30.000000Z,2025-01-01T22:30:30.000000Z,1680.000000000,56,21831.353515625,20872.292968750,23769.384765625,80.000000000,0959490dcfeedeafc8e9e01f868552fc1a757f1f2924fe4d8aaab468b9881130,nearest_visible_satellite_in_each_other_domain,union,both,707.679138184,sampled
IDL-000789,IDL,os03,ns01,observation,navigation,0,19,2025-01-01T00:00:00.000000Z,2025-01-01T00:09:30.000000Z,570.000000000,19,22160.283203125,21134.898437500,23470.324218750,80.000000000,0959490dcfeedeafc8e9e01f868552fc1a757f1f2924fe4d8aaab468b9881130,nearest_visible_satellite_in_each_other_domain,union,os03,696.025085449,sampled
IDL-000790,IDL,os03,ns01,observation,navigation,197,240,2025-01-01T01:38:30.000000Z,2025-01-01T02:00:00.000000Z,1290.000000000,43,22716.505859375,22104.269531250,24333.367187500,80.000000000,0959490dcfeedeafc8e9e01f868552fc1a757f1f2924fe4d8aaab468b9881130,nearest_visible_satellite_in_each_other_domain,union,both,695.768798828,sampled
IDL-000791,IDL,os03,ns01,observation,navigation,426,461,2025-01-01T03:33:00.000000Z,2025-01-01T03:50:30.000000Z,1050.000000000,35,23340.548828125,23068.867187500,24076.015625000,80.000000000,0959490dcfeedeafc8e9e01f868552fc1a757f1f2924fe4d8aaab468b9881130,nearest_visible_satellite_in_each_other_domain,union,both,696.008056641,sampled
IDL-000792,IDL,os03,ns01,observation,navigation,645,698,2025-01-01T05:22:30.000000Z,2025-01-01T05:49:00.000000Z,1590.000000000,53,22016.968750000,21153.640625000,24077.892578125,80.000000000,0959490dcfeedeafc8e9e01f868552fc1a757f1f2924fe4d8aaab468b9881130,nearest_visible_satellite_in_each_other_domain,union,both,700.755798340,sampled
IDL-000793,IDL,os03,ns01,observation,navigation,873,924,2025-01-01T07:16:30.000000Z,2025-01-01T07:42:00.000000Z,1530.000000000,51,22120.146484375,21299.144531250,24191.410156250,80.000000000,0959490dcfeedeafc8e9e01f868552fc1a757f1f2924fe4d8aaab468b9881130,nearest_visible_satellite_in_each_other_domain,union,both,712.624023438,sampled
IDL-000794,IDL,os03,ns01,observation,navigation,1108,1143,2025-01-01T09:14:00.000000Z,2025-01-01T09:31:30.000000Z,1050.000000000,35,23398.603515625,23166.234375000,23992.373046875,80.000000000,0959490dcfeedeafc8e9e01f868552fc1a757f1f2924fe4d8aaab468b9881130,nearest_visible_satellite_in_each_other_domain,union,both,709.233093262,sampled
IDL-000795,IDL,os03,ns01,observation,navigation,1329,1374,2025-01-01T11:04:30.000000Z,2025-01-01T11:27:00.000000Z,1350.000000000,45,22553.722656250,21900.501953125,24279.705078125,80.000000000,0959490dcfeedeafc8e9e01f868552fc1a757f1f2924fe4d8aaab468b9881130,nearest_visible_satellite_in_each_other_domain,union,both,701.674682617,sampled
IDL-000796,IDL,os03,ns01,observation,navigation,1551,1607,2025-01-01T12:55:30.000000Z,2025-01-01T13:23:30.000000Z,1680.000000000,56,21770.392578125,20803.953125000,23698.175781250,80.000000000,0959490dcfeedeafc8e9e01f868552fc1a757f1f2924fe4d8aaab468b9881130,nearest_visible_satellite_in_each_other_domain,union,both,695.941894531,sampled
IDL-000797,IDL,os03,ns01,observation,navigation,1787,1827,2025-01-01T14:53:30.000000Z,2025-01-01T15:13:30.000000Z,1200.000000000,40,22994.105468750,22504.818359375,24293.994140625,80.000000000,0959490dcfeedeafc8e9e01f868552fc1a757f1f2924fe4d8aaab468b9881130,nearest_visible_satellite_in_each_other_domain,union,both,695.952880859,sampled
IDL-000798,IDL,os03,ns01,observation,navigation,2013,2051,2025-01-01T16:46:30.000000Z,2025-01-01T17:05:30.000000Z,1140.000000000,38,23182.857421875,22788.292968750,24244.779296875,80.000000000,0959490dcfeedeafc8e9e01f868552fc1a757f1f2924fe4d8aaab468b9881130,nearest_visible_satellite_in_each_other_domain,union,both,696.644958496,sampled
IDL-000799,IDL,os03,ns01,observation,navigation,2232,2288,2025-01-01T18:36:00.000000Z,2025-01-01T19:04:00.000000Z,1680.000000000,56,21899.109375000,20938.947265625,23983.138671875,80.000000000,0959490dcfeedeafc8e9e01f868552fc1a757f1f2924fe4d8aaab468b9881130,nearest_visible_satellite_in_each_other_domain,union,both,702.423400879,sampled
IDL-000800,IDL,os03,ns01,observation,navigation,2463,2511,2025-01-01T20:31:30.000000Z,2025-01-01T20:55:30.000000Z,1440.000000000,48,22364.724609375,21637.031250000,24263.650390625,80.000000000,0959490dcfeedeafc8e9e01f868552fc1a757f1f2924fe4d8aaab468b9881130,nearest_visible_satellite_in_each_other_domain,union,both,712.923522949,sampled
IDL-000801,IDL,os03,ns01,observation,navigation,2696,2731,2025-01-01T22:28:00.000000Z,2025-01-01T22:45:30.000000Z,1050.000000000,35,23437.654296875,23229.703125000,23852.156250000,80.000000000,0959490dcfeedeafc8e9e01f868552fc1a757f1f2924fe4d8aaab468b9881130,nearest_visible_satellite_in_each_other_domain,union,both,707.921691895,sampled
IDL-000802,IDL,os03,ns02,observation,navigation,19,54,2025-01-01T00:09:30.000000Z,2025-01-01T00:27:00.000000Z,1050.000000000,35,23380.361328125,23135.697265625,24024.076171875,80.000000000,0959490dcfeedeafc8e9e01f868552fc1a757f1f2924fe4d8aaab468b9881130,nearest_visible_satellite_in_each_other_domain,union,both,695.744873047,sampled
IDL-000803,IDL,os03,ns02,observation,navigation,240,284,2025-01-01T02:00:00.000000Z,2025-01-01T02:22:00.000000Z,1320.000000000,44,22613.736328125,21980.558593750,24291.908203125,80.000000000,0959490dcfeedeafc8e9e01f868552fc1a757f1f2924fe4d8aaab468b9881130,nearest_visible_satellite_in_each_other_domain,union,both,697.913757324,sampled
IDL-000804,IDL,os03,ns02,observation,navigation,461,518,2025-01-01T03:50:30.000000Z,2025-01-01T04:19:00.000000Z,1710.000000000,57,21827.910156250,20833.900390625,23742.835937500,80.000000000,0959490dcfeedeafc8e9e01f868552fc1a757f1f2924fe4d8aaab468b9881130,nearest_visible_satellite_in_each_other_domain,union,both,706.237121582,sampled
IDL-000805,IDL,os03,ns02,observation,navigation,698,738,2025-01-01T05:49:00.000000Z,2025-01-01T06:09:00.000000Z,1200.000000000,40,22979.505859375,22464.148437500,24336.265625000,80.000000000,0959490dcfeedeafc8e9e01f868552fc1a757f1f2924fe4d8aaab468b9881130,nearest_visible_satellite_in_each_other_domain,union,both,711.399108887,sampled
IDL-000806,IDL,os03,ns02,observation,navigation,924,961,2025-01-01T07:42:00.000000Z,2025-01-01T08:00:30.000000Z,1110.000000000,37,23200.871093750,22829.796875000,24199.410156250,80.000000000,0959490dcfeedeafc8e9e01f868552fc1a757f1f2924fe4d8aaab468b9881130,nearest_visible_satellite_in_each_other_domain,union,both,705.663879395,sampled
IDL-000807,IDL,os03,ns02,observation,navigation,1143,1198,2025-01-01T09:31:30.000000Z,2025-01-01T09:59:00.000000Z,1650.000000000,55,21861.583984375,20926.521484375,23954.923828125,80.000000000,0959490dcfeedeafc8e9e01f868552fc1a757f1f2924fe4d8aaab468b9881130,nearest_visible_satellite_in_each_other_domain,union,both,697.130310059,sampled
IDL-000808,IDL,os03,ns02,observation,navigation,1374,1422,2025-01-01T11:27:00.000000Z,2025-01-01T11:51:00.000000Z,1440.000000000,48,22296.333984375,21552.816406250,24238.238281250,80.000000000,0959490dcfeedeafc8e9e01f868552fc1a757f1f2924fe4d8aaab468b9881130,nearest_visible_satellite_in_each_other_domain,union,both,695.907287598,sampled
IDL-000809,IDL,os03,ns02,observation,navigation,1607,1642,2025-01-01T13:23:30.000000Z,2025-01-01T13:41:00.000000Z,1050.000000000,35,23435.974609375,23227.427734375,23820.603515625,80.000000000,0959490dcfeedeafc8e9e01f868552fc1a757f1f2924fe4d8aaab468b9881130,nearest_visible_satellite_in_each_other_domain,union,both,695.930297852,sampled
IDL-000810,IDL,os03,ns02,observation,navigation,1827,1875,2025-01-01T15:13:30.000000Z,2025-01-01T15:37:30.000000Z,1440.000000000,48,22333.458984375,21598.246093750,24252.515625000,80.000000000,0959490dcfeedeafc8e9e01f868552fc1a757f1f2924fe4d8aaab468b9881130,nearest_visible_satellite_in_each_other_domain,union,both,699.211303711,sampled
IDL-000811,IDL,os03,ns02,observation,navigation,2051,2106,2025-01-01T17:05:30.000000Z,2025-01-01T17:33:00.000000Z,1650.000000000,55,21892.376953125,20957.171875000,24000.253906250,80.000000000,0959490dcfeedeafc8e9e01f868552fc1a757f1f2924fe4d8aaab468b9881130,nearest_visible_satellite_in_each_other_domain,union,both,709.264709473,sampled
IDL-000812,IDL,os03,ns02,observation,navigation,2288,2325,2025-01-01T19:04:00.000000Z,2025-01-01T19:22:30.000000Z,1110.000000000,37,23206.820312500,22824.488281250,24233.199218750,80.000000000,0959490dcfeedeafc8e9e01f868552fc1a757f1f2924fe4d8aaab468b9881130,nearest_visible_satellite_in_each_other_domain,union,both,710.275817871,sampled
IDL-000813,IDL,os03,ns02,observation,navigation,2511,2551,2025-01-01T20:55:30.000000Z,2025-01-01T21:15:30.000000Z,1200.000000000,40,22971.078125000,22467.826171875,24300.880859375,80.000000000,0959490dcfeedeafc8e9e01f868552fc1a757f1f2924fe4d8aaab468b9881130,nearest_visible_satellite_in_each_other_domain,union,both,703.977233887,sampled
IDL-000814,IDL,os03,ns02,observation,navigation,2731,2788,2025-01-01T22:45:30.000000Z,2025-01-01T23:14:00.000000Z,1710.000000000,57,21792.660156250,20796.175781250,23695.363281250,80.000000000,0959490dcfeedeafc8e9e01f868552fc1a757f1f2924fe4d8aaab468b9881130,nearest_visible_satellite_in_each_other_domain,union,both,696.406250000,sampled
IDL-000815,IDL,os03,ns03,observation,navigation,54,109,2025-01-01T00:27:00.000000Z,2025-01-01T00:54:30.000000Z,1650.000000000,55,21917.755859375,20992.089843750,23978.568359375,80.000000000,0959490dcfeedeafc8e9e01f868552fc1a757f1f2924fe4d8aaab468b9881130,nearest_visible_satellite_in_each_other_domain,union,both,701.633911133,sampled
IDL-000816,IDL,os03,ns03,observation,navigation,284,333,2025-01-01T02:22:00.000000Z,2025-01-01T02:46:30.000000Z,1470.000000000,49,22293.894531250,21530.511718750,24273.615234375,80.000000000,0959490dcfeedeafc8e9e01f868552fc1a757f1f2924fe4d8aaab468b9881130,nearest_visible_satellite_in_each_other_domain,union,both,713.514770508,sampled
IDL-000817,IDL,os03,ns03,observation,navigation,518,552,2025-01-01T04:19:00.000000Z,2025-01-01T04:36:00.000000Z,1020.000000000,34,23424.828125000,23228.128906250,23812.275390625,80.000000000,0959490dcfeedeafc8e9e01f868552fc1a757f1f2924fe4d8aaab468b9881130,nearest_visible_satellite_in_each_other_domain,union,both,708.707702637,sampled
IDL-000818,IDL,os03,ns03,observation,navigation,738,785,2025-01-01T06:09:00.000000Z,2025-01-01T06:32:30.000000Z,1410.000000000,47,22343.298828125,21626.476562500,24223.500000000,80.000000000,0959490dcfeedeafc8e9e01f868552fc1a757f1f2924fe4d8aaab468b9881130,nearest_visible_satellite_in_each_other_domain,union,both,700.607604980,sampled
IDL-000819,IDL,os03,ns03,observation,navigation,961,1017,2025-01-01T08:00:30.000000Z,2025-01-01T08:28:30.000000Z,1680.000000000,56,21858.128906250,20891.955078125,23965.541015625,80.000000000,0959490dcfeedeafc8e9e01f868552fc1a757f1f2924fe4d8aaab468b9881130,nearest_visible_satellite_in_each_other_domain,union,both,695.859680176,sampled
IDL-000820,IDL,os03,ns03,observation,navigation,1198,1236,2025-01-01T09:59:00.000000Z,2025-01-01T10:18:00.000000Z,1140.000000000,38,23164.476562500,22761.914062500,24244.380859375,80.000000000,0959490dcfeedeafc8e9e01f868552fc1a757f1f2924fe4d8aaab468b9881130,nearest_visible_satellite_in_each_other_domain,union,both,695.883300781,sampled
IDL-000821,IDL,os03,ns03,observation,navigation,1422,1461,2025-01-01T11:51:00.000000Z,2025-01-01T12:10:30.000000Z,1170.000000000,39,23020.421875000,22536.705078125,24297.818359375,80.000000000,0959490dcfeedeafc8e9e01f868552fc1a757f1f2924fe4d8aaab468b9881130,nearest_visible_satellite_in_each_other_domain,union,both,696.973083496,sampled
IDL-000822,IDL,os03,ns03,observation,navigation,1642,1698,2025-01-01T13:41:00.000000Z,2025-01-01T14:09:00.000000Z,1680.000000000,56,21810.412109375,20849.050781250,23715.625000000,80.000000000,0959490dcfeedeafc8e9e01f868552fc1a757f1f2924fe4d8aaab468b9881130,nearest_visible_satellite_in_each_other_domain,union,both,703.776733398,sampled
IDL-000823,IDL,os03,ns03,observation,navigation,1875,1920,2025-01-01T15:37:30.000000Z,2025-01-01T16:00:00.000000Z,1350.000000000,45,22567.722656250,21905.177734375,24318.281250000,80.000000000,0959490dcfeedeafc8e9e01f868552fc1a757f1f2924fe4d8aaab468b9881130,nearest_visible_satellite_in_each_other_domain,union,both,712.424255371,sampled
IDL-000824,IDL,os03,ns03,observation,navigation,2106,2141,2025-01-01T17:33:00.000000Z,2025-01-01T17:50:30.000000Z,1050.000000000,35,23397.222656250,23170.181640625,23962.746093750,80.000000000,0959490dcfeedeafc8e9e01f868552fc1a757f1f2924fe4d8aaab468b9881130,nearest_visible_satellite_in_each_other_domain,union,both,707.179748535,sampled
IDL-000825,IDL,os03,ns03,observation,navigation,2325,2376,2025-01-01T19:22:30.000000Z,2025-01-01T19:48:00.000000Z,1530.000000000,51,22097.191406250,21280.701171875,24149.433593750,80.000000000,0959490dcfeedeafc8e9e01f868552fc1a757f1f2924fe4d8aaab468b9881130,nearest_visible_satellite_in_each_other_domain,union,both,698.892578125,sampled
IDL-000826,IDL,os03,ns03,observation,navigation,2551,2604,2025-01-01T21:15:30.000000Z,2025-01-01T21:42:00.000000Z,1590.000000000,53,21976.320312500,21106.027343750,24061.238281250,80.000000000,0959490dcfeedeafc8e9e01f868552fc1a757f1f2924fe4d8aaab468b9881130,nearest_visible_satellite_in_each_other_domain,union,both,696.046997070,sampled
IDL-000827,IDL,os03,ns03,observation,navigation,2788,2823,2025-01-01T23:14:00.000000Z,2025-01-01T23:31:30.000000Z,1050.000000000,35,23331.232421875,23054.306640625,24082.933593750,80.000000000,0959490dcfeedeafc8e9e01f868552fc1a757f1f2924fe4d8aaab468b9881130,nearest_visible_satellite_in_each_other_domain,union,both,696.070800781,sampled
IDL-000828,IDL,os03,ns04,observation,navigation,109,147,2025-01-01T00:54:30.000000Z,2025-01-01T01:13:30.000000Z,1140.000000000,38,23152.453125000,22724.693359375,24290.626953125,80.000000000,0959490dcfeedeafc8e9e01f868552fc1a757f1f2924fe4d8aaab468b9881130,nearest_visible_satellite_in_each_other_domain,union,both,710.877807617,sampled
IDL-000829,IDL,os03,ns04,observation,navigation,333,372,2025-01-01T02:46:30.000000Z,2025-01-01T03:06:00.000000Z,1170.000000000,39,23039.541015625,22581.376953125,24257.166015625,80.000000000,0959490dcfeedeafc8e9e01f868552fc1a757f1f2924fe4d8aaab468b9881130,nearest_visible_satellite_in_each_other_domain,union,both,704.649291992,sampled
IDL-000830,IDL,os03,ns04,observation,navigation,552,609,2025-01-01T04:36:00.000000Z,2025-01-01T05:04:30.000000Z,1710.000000000,57,21821.533203125,20823.441406250,23861.755859375,80.000000000,0959490dcfeedeafc8e9e01f868552fc1a757f1f2924fe4d8aaab468b9881130,nearest_visible_satellite_in_each_other_domain,union,both,696.444763184,sampled
IDL-000831,IDL,os03,ns04,observation,navigation,785,831,2025-01-01T06:32:30.000000Z,2025-01-01T06:55:30.000000Z,1380.000000000,46,22502.121093750,21820.482421875,24299.501953125,80.000000000,0959490dcfeedeafc8e9e01f868552fc1a757f1f2924fe4d8aaab468b9881130,nearest_visible_satellite_in_each_other_domain,union,both,695.836425781,sampled
IDL-000832,IDL,os03,ns04,observation,navigation,1017,1051,2025-01-01T08:28:30.000000Z,2025-01-01T08:45:30.000000Z,1020.000000000,34,23401.357421875,23188.441406250,23927.341796875,80.000000000,0959490dcfeedeafc8e9e01f868552fc1a757f1f2924fe4d8aaab468b9881130,nearest_visible_satellite_in_each_other_domain,union,both,695.924987793,sampled
IDL-000833,IDL,os03,ns04,observation,navigation,1236,1286,2025-01-01T10:18:00.000000Z,2025-01-01T10:43:00.000000Z,1500.000000000,50,22150.955078125,21358.451171875,24172.005859375,80.000000000,0959490dcfeedeafc8e9e01f868552fc1a757f1f2924fe4d8aaab468b9881130,nearest_visible_satellite_in_each_other_domain,union,both,699.945678711,sampled
IDL-000834,IDL,os03,ns04,observation,navigation,1461,1515,2025-01-01T12:10:30.000000Z,2025-01-01T12:37:30.000000Z,1620.000000000,54,21999.408203125,21106.003906250,24097.462890625,80.000000000,0959490dcfeedeafc8e9e01f868552fc1a757f1f2924fe4d8aaab468b9881130,nearest_visible_satellite_in_each_other_domain,union,both,710.639648438,sampled
IDL-000835,IDL,os03,ns04,observation,navigation,1698,1734,2025-01-01T14:09:00.000000Z,2025-01-01T14:27:00.000000Z,1080.000000000,36,23324.472656250,23026.451171875,24133.148437500,80.000000000,0959490dcfeedeafc8e9e01f868552fc1a757f1f2924fe4d8aaab468b9881130,nearest_visible_satellite_in_each_other_domain,union,both,709.755554199,sampled
IDL-000836,IDL,os03,ns04,observation,navigation,1920,1962,2025-01-01T16:00:00.000000Z,2025-01-01T16:21:00.000000Z,1260.000000000,42,22769.240234375,22185.656250000,24307.214843750,80.000000000,0959490dcfeedeafc8e9e01f868552fc1a757f1f2924fe4d8aaab468b9881130,nearest_visible_satellite_in_each_other_domain,union,both,702.955932617,sampled
IDL-000837,IDL,os03,ns04,observation,navigation,2141,2198,2025-01-01T17:50:30.000000Z,2025-01-01T18:19:00.000000Z,1710.000000000,57,21771.414062500,20772.646484375,23624.023437500,80.000000000,0959490dcfeedeafc8e9e01f868552fc1a757f1f2924fe4d8aaab468b9881130,nearest_visible_satellite_in_each_other_domain,union,both,696.096191406,sampled
IDL-000838,IDL,os03,ns04,observation,navigation,2376,2418,2025-01-01T19:48:00.000000Z,2025-01-01T20:09:00.000000Z,1260.000000000,42,22795.646484375,22224.689453125,24305.433593750,80.000000000,0959490dcfeedeafc8e9e01f868552fc1a757f1f2924fe4d8aaab468b9881130,nearest_visible_satellite_in_each_other_domain,union,both,696.022949219,sampled
IDL-000839,IDL,os03,ns04,observation,navigation,2604,2640,2025-01-01T21:42:00.000000Z,2025-01-01T22:00:00.000000Z,1080.000000000,36,23308.675781250,22998.916015625,24151.253906250,80.000000000,0959490dcfeedeafc8e9e01f868552fc1a757f1f2924fe4d8aaab468b9881130,nearest_visible_satellite_in_each_other_domain,union,both,696.411804199,sampled
IDL-000840,IDL,os03,ns04,observation,navigation,2823,2877,2025-01-01T23:31:30.000000Z,2025-01-01T23:58:30.000000Z,1620.000000000,54,21978.109375000,21080.861328125,24081.064453125,80.000000000,0959490dcfeedeafc8e9e01f868552fc1a757f1f2924fe4d8aaab468b9881130,nearest_visible_satellite_in_each_other_domain,union,both,701.522888184,sampled
IDL-000841,IDL,os03,ns05,observation,navigation,147,197,2025-01-01T01:13:30.000000Z,2025-01-01T01:38:30.000000Z,1500.000000000,50,22158.339843750,21376.349609375,24144.996093750,80.000000000,0959490dcfeedeafc8e9e01f868552fc1a757f1f2924fe4d8aaab468b9881130,nearest_visible_satellite_in_each_other_domain,union,both,699.324157715,sampled
IDL-000842,IDL,os03,ns05,observation,navigation,372,426,2025-01-01T03:06:00.000000Z,2025-01-01T03:33:00.000000Z,1620.000000000,54,21936.830078125,21032.437500000,24063.240234375,80.000000000,0959490dcfeedeafc8e9e01f868552fc1a757f1f2924fe4d8aaab468b9881130,nearest_visible_satellite_in_each_other_domain,union,both,695.791015625,sampled
IDL-000843,IDL,os03,ns05,observation,navigation,609,645,2025-01-01T05:04:30.000000Z,2025-01-01T05:22:30.000000Z,1080.000000000,36,23295.132812500,22978.781250000,24154.562500000,80.000000000,0959490dcfeedeafc8e9e01f868552fc1a757f1f2924fe4d8aaab468b9881130,nearest_visible_satellite_in_each_other_domain,union,both,695.813537598,sampled
IDL-000844,IDL,os03,ns05,observation,navigation,831,873,2025-01-01T06:55:30.000000Z,2025-01-01T07:16:30.000000Z,1260.000000000,42,22822.974609375,22261.453125000,24312.361328125,80.000000000,0959490dcfeedeafc8e9e01f868552fc1a757f1f2924fe4d8aaab468b9881130,nearest_visible_satellite_in_each_other_domain,union,both,697.396484375,sampled
IDL-000845,IDL,os03,ns05,observation,navigation,1051,1108,2025-01-01T08:45:30.000000Z,2025-01-01T09:14:00.000000Z,1710.000000000,57,21809.230468750,20814.158203125,23639.687500000,80.000000000,0959490dcfeedeafc8e9e01f868552fc1a757f1f2924fe4d8aaab468b9881130,nearest_visible_satellite_in_each_other_domain,union,both,704.783386230,sampled
IDL-000846,IDL,os03,ns05,observation,navigation,1286,1329,2025-01-01T10:43:00.000000Z,2025-01-01T11:04:30.000000Z,1290.000000000,43,22777.582031250,22185.875000000,24344.214843750,80.000000000,0959490dcfeedeafc8e9e01f868552fc1a757f1f2924fe4d8aaab468b9881130,nearest_visible_satellite_in_each_other_domain,union,both,711.915222168,sampled
IDL-000847,IDL,os03,ns05,observation,navigation,1515,1551,2025-01-01T12:37:30.000000Z,2025-01-01T12:55:30.000000Z,1080.000000000,36,23320.929687500,23032.253906250,24101.306640625,80.000000000,0959490dcfeedeafc8e9e01f868552fc1a757f1f2924fe4d8aaab468b9881130,nearest_visible_satellite_in_each_other_domain,union,both,706.428833008,sampled
IDL-000848,IDL,os03,ns05,observation,navigation,1734,1787,2025-01-01T14:27:00.000000Z,2025-01-01T14:53:30.000000Z,1590.000000000,53,21955.916015625,21081.310546875,24053.791015625,80.000000000,0959490dcfeedeafc8e9e01f868552fc1a757f1f2924fe4d8aaab468b9881130,nearest_visible_satellite_in_each_other_domain,union,both,697.960937500,sampled
IDL-000849,IDL,os03,ns05,observation,navigation,1962,2013,2025-01-01T16:21:00.000000Z,2025-01-01T16:46:30.000000Z,1530.000000000,51,22121.554687500,21311.378906250,24156.251953125,80.000000000,0959490dcfeedeafc8e9e01f868552fc1a757f1f2924fe4d8aaab468b9881130,nearest_visible_satellite_in_each_other_domain,union,both,695.975891113,sampled
IDL-000850,IDL,os03,ns05,observation,navigation,2198,2232,2025-01-01T18:19:00.000000Z,2025-01-01T18:36:00.000000Z,1020.000000000,34,23396.675781250,23181.160156250,23938.300781250,80.000000000,0959490dcfeedeafc8e9e01f868552fc1a757f1f2924fe4d8aaab468b9881130,nearest_visible_satellite_in_each_other_domain,union,both,695.999267578,sampled
IDL-000851,IDL,os03,ns05,observation,navigation,2418,2463,2025-01-01T20:09:00.000000Z,2025-01-01T20:31:30.000000Z,1350.000000000,45,22535.798828125,21863.650390625,24311.791015625,80.000000000,0959490dcfeedeafc8e9e01f868552fc1a757f1f2924fe4d8aaab468b9881130,nearest_visible_satellite_in_each_other_domain,union,both,698.559204102,sampled
IDL-000852,IDL,os03,ns05,observation,navigation,2640,2696,2025-01-01T22:00:00.000000Z,2025-01-01T22:28:00.000000Z,1680.000000000,56,21819.009765625,20859.035156250,23732.576171875,80.000000000,0959490dcfeedeafc8e9e01f868552fc1a757f1f2924fe4d8aaab468b9881130,nearest_visible_satellite_in_each_other_domain,union,both,707.430664062,sampled
IDL-000853,IDL,os03,ns05,observation,navigation,2877,2881,2025-01-01T23:58:30.000000Z,2025-01-02T00:00:00.000000Z,90.000000000,4,22802.261718750,22732.980468750,22876.619140625,80.000000000,0959490dcfeedeafc8e9e01f868552fc1a757f1f2924fe4d8aaab468b9881130,nearest_visible_satellite_in_each_other_domain,union,os03,716.789794922,sampled
IDL-000854,IDL,os04,ns01,observation,navigation,0,14,2025-01-01T00:00:00.000000Z,2025-01-01T00:07:00.000000Z,420.000000000,14,22442.212890625,21576.097656250,23441.050781250,80.000000000,0959490dcfeedeafc8e9e01f868552fc1a757f1f2924fe4d8aaab468b9881130,nearest_visible_satellite_in_each_other_domain,union,os04,696.076110840,sampled
IDL-000855,IDL,os04,ns01,observation,navigation,192,235,2025-01-01T01:36:00.000000Z,2025-01-01T01:57:30.000000Z,1290.000000000,43,22675.064453125,22054.472656250,24313.201171875,80.000000000,0959490dcfeedeafc8e9e01f868552fc1a757f1f2924fe4d8aaab468b9881130,nearest_visible_satellite_in_each_other_domain,union,both,695.766723633,sampled
IDL-000856,IDL,os04,ns01,observation,navigation,421,456,2025-01-01T03:30:30.000000Z,2025-01-01T03:48:00.000000Z,1050.000000000,35,23357.251953125,23095.158203125,24063.255859375,80.000000000,0959490dcfeedeafc8e9e01f868552fc1a757f1f2924fe4d8aaab468b9881130,nearest_visible_satellite_in_each_other_domain,union,both,695.963012695,sampled
IDL-000857,IDL,os04,ns01,observation,navigation,640,692,2025-01-01T05:20:00.000000Z,2025-01-01T05:46:00.000000Z,1560.000000000,52,22033.048828125,21186.777343750,24115.203125000,80.000000000,0959490dcfeedeafc8e9e01f868552fc1a757f1f2924fe4d8aaab468b9881130,nearest_visible_satellite_in_each_other_domain,union,both,700.545104980,sampled
IDL-000858,IDL,os04,ns01,observation,navigation,867,919,2025-01-01T07:13:30.000000Z,2025-01-01T07:39:30.000000Z,1560.000000000,52,22097.529296875,21262.826171875,24155.648437500,80.000000000,0959490dcfeedeafc8e9e01f868552fc1a757f1f2924fe4d8aaab468b9881130,nearest_visible_satellite_in_each_other_domain,union,both,712.076843262,sampled
IDL-000859,IDL,os04,ns01,observation,navigation,1103,1138,2025-01-01T09:11:30.000000Z,2025-01-01T09:29:00.000000Z,1050.000000000,35,23386.451171875,23147.279296875,24010.037109375,80.000000000,0959490dcfeedeafc8e9e01f868552fc1a757f1f2924fe4d8aaab468b9881130,nearest_visible_satellite_in_each_other_domain,union,both,709.370849609,sampled
IDL-000860,IDL,os04,ns01,observation,navigation,1324,1368,2025-01-01T11:02:00.000000Z,2025-01-01T11:24:00.000000Z,1320.000000000,44,22596.646484375,21949.755859375,24303.583984375,80.000000000,0959490dcfeedeafc8e9e01f868552fc1a757f1f2924fe4d8aaab468b9881130,nearest_visible_satellite_in_each_other_domain,union,both,702.046142578,sampled
IDL-000861,IDL,os04,ns01,observation,navigation,1546,1602,2025-01-01T12:53:00.000000Z,2025-01-01T13:21:00.000000Z,1680.000000000,56,21761.062500000,20794.576171875,23662.224609375,80.000000000,0959490dcfeedeafc8e9e01f868552fc1a757f1f2924fe4d8aaab468b9881130,nearest_visible_satellite_in_each_other_domain,union,both,695.954528809,sampled
IDL-000862,IDL,os04,ns01,observation,navigation,1782,1822,2025-01-01T14:51:00.000000Z,2025-01-01T15:11:00.000000Z,1200.000000000,40,22957.621093750,22456.916015625,24284.152343750,80.000000000,0959490dcfeedeafc8e9e01f868552fc1a757f1f2924fe4d8aaab468b9881130,nearest_visible_satellite_in_each_other_domain,union,both,695.952148438,sampled
IDL-000863,IDL,os04,ns01,observation,navigation,2008,2045,2025-01-01T16:44:00.000000Z,2025-01-01T17:02:30.000000Z,1110.000000000,37,23212.843750000,22828.767578125,24243.806640625,80.000000000,0959490dcfeedeafc8e9e01f868552fc1a757f1f2924fe4d8aaab468b9881130,nearest_visible_satellite_in_each_other_domain,union,both,696.564392090,sampled
IDL-000864,IDL,os04,ns01,observation,navigation,2227,2282,2025-01-01T18:33:30.000000Z,2025-01-01T19:01:00.000000Z,1650.000000000,55,21897.277343750,20960.351562500,24021.212890625,80.000000000,0959490dcfeedeafc8e9e01f868552fc1a757f1f2924fe4d8aaab468b9881130,nearest_visible_satellite_in_each_other_domain,union,both,702.194458008,sampled
IDL-000865,IDL,os04,ns01,observation,navigation,2458,2506,2025-01-01T20:29:00.000000Z,2025-01-01T20:53:00.000000Z,1440.000000000,48,22324.500000000,21592.210937500,24233.064453125,80.000000000,0959490dcfeedeafc8e9e01f868552fc1a757f1f2924fe4d8aaab468b9881130,nearest_visible_satellite_in_each_other_domain,union,both,713.055480957,sampled
IDL-000866,IDL,os04,ns01,observation,navigation,2691,2726,2025-01-01T22:25:30.000000Z,2025-01-01T22:43:00.000000Z,1050.000000000,35,23438.468750000,23231.007812500,23823.644531250,80.000000000,0959490dcfeedeafc8e9e01f868552fc1a757f1f2924fe4d8aaab468b9881130,nearest_visible_satellite_in_each_other_domain,union,both,708.056152344,sampled
IDL-000867,IDL,os04,ns02,observation,navigation,14,49,2025-01-01T00:07:00.000000Z,2025-01-01T00:24:30.000000Z,1050.000000000,35,23366.126953125,23113.494140625,24039.615234375,80.000000000,0959490dcfeedeafc8e9e01f868552fc1a757f1f2924fe4d8aaab468b9881130,nearest_visible_satellite_in_each_other_domain,union,both,695.744140625,sampled
IDL-000868,IDL,os04,ns02,observation,navigation,235,279,2025-01-01T01:57:30.000000Z,2025-01-01T02:19:30.000000Z,1320.000000000,44,22655.203125000,22029.369140625,24314.410156250,80.000000000,0959490dcfeedeafc8e9e01f868552fc1a757f1f2924fe4d8aaab468b9881130,nearest_visible_satellite_in_each_other_domain,union,both,697.767639160,sampled
IDL-000869,IDL,os04,ns02,observation,navigation,456,513,2025-01-01T03:48:00.000000Z,2025-01-01T04:16:30.000000Z,1710.000000000,57,21820.841796875,20826.466796875,23707.761718750,80.000000000,0959490dcfeedeafc8e9e01f868552fc1a757f1f2924fe4d8aaab468b9881130,nearest_visible_satellite_in_each_other_domain,union,both,705.983093262,sampled
IDL-000870,IDL,os04,ns02,observation,navigation,692,733,2025-01-01T05:46:00.000000Z,2025-01-01T06:06:30.000000Z,1230.000000000,41,22939.275390625,22416.580078125,24325.496093750,80.000000000,0959490dcfeedeafc8e9e01f868552fc1a757f1f2924fe4d8aaab468b9881130,nearest_visible_satellite_in_each_other_domain,union,both,711.537170410,sampled
IDL-000871,IDL,os04,ns02,observation,navigation,919,956,2025-01-01T07:39:30.000000Z,2025-01-01T07:58:00.000000Z,1110.000000000,37,23227.972656250,22868.890625000,24197.232421875,80.000000000,0959490dcfeedeafc8e9e01f868552fc1a757f1f2924fe4d8aaab468b9881130,nearest_visible_satellite_in_each_other_domain,union,both,705.800964355,sampled
IDL-000872,IDL,os04,ns02,observation,navigation,1138,1193,2025-01-01T09:29:00.000000Z,2025-01-01T09:56:30.000000Z,1650.000000000,55,21883.792968750,20950.220703125,23993.123046875,80.000000000,0959490dcfeedeafc8e9e01f868552fc1a757f1f2924fe4d8aaab468b9881130,nearest_visible_satellite_in_each_other_domain,union,both,697.225402832,sampled
IDL-000873,IDL,os04,ns02,observation,navigation,1368,1417,2025-01-01T11:24:00.000000Z,2025-01-01T11:48:30.000000Z,1470.000000000,49,22261.816406250,21508.230468750,24206.341796875,80.000000000,0959490dcfeedeafc8e9e01f868552fc1a757f1f2924fe4d8aaab468b9881130,nearest_visible_satellite_in_each_other_domain,union,both,695.905639648,sampled
IDL-000874,IDL,os04,ns02,observation,navigation,1602,1637,2025-01-01T13:21:00.000000Z,2025-01-01T13:38:30.000000Z,1050.000000000,35,23434.662109375,23225.744140625,23848.654296875,80.000000000,0959490dcfeedeafc8e9e01f868552fc1a757f1f2924fe4d8aaab468b9881130,nearest_visible_satellite_in_each_other_domain,union,both,695.928710938,sampled
IDL-000875,IDL,os04,ns02,observation,navigation,1822,1870,2025-01-01T15:11:00.000000Z,2025-01-01T15:35:00.000000Z,1440.000000000,48,22373.744140625,21643.181640625,24282.947265625,80.000000000,0959490dcfeedeafc8e9e01f868552fc1a757f1f2924fe4d8aaab468b9881130,nearest_visible_satellite_in_each_other_domain,union,both,699.035156250,sampled
IDL-000876,IDL,os04,ns02,observation,navigation,2045,2101,2025-01-01T17:02:30.000000Z,2025-01-01T17:30:30.000000Z,1680.000000000,56,21894.816406250,20936.085937500,23962.324218750,80.000000000,0959490dcfeedeafc8e9e01f868552fc1a757f1f2924fe4d8aaab468b9881130,nearest_visible_satellite_in_each_other_domain,union,both,708.618957520,sampled
IDL-000877,IDL,os04,ns02,observation,navigation,2282,2320,2025-01-01T19:01:00.000000Z,2025-01-01T19:20:00.000000Z,1140.000000000,38,23176.583984375,22783.857421875,24233.759765625,80.000000000,0959490dcfeedeafc8e9e01f868552fc1a757f1f2924fe4d8aaab468b9881130,nearest_visible_satellite_in_each_other_domain,union,both,710.413452148,sampled
IDL-000878,IDL,os04,ns02,observation,navigation,2506,2546,2025-01-01T20:53:00.000000Z,2025-01-01T21:13:00.000000Z,1200.000000000,40,23007.238281250,22515.560546875,24310.121093750,80.000000000,0959490dcfeedeafc8e9e01f868552fc1a757f1f2924fe4d8aaab468b9881130,nearest_visible_satellite_in_each_other_domain,union,both,704.112548828,sampled
IDL-000879,IDL,os04,ns02,observation,navigation,2726,2782,2025-01-01T22:43:00.000000Z,2025-01-01T23:11:00.000000Z,1680.000000000,56,21773.701171875,20806.240234375,23731.298828125,80.000000000,0959490dcfeedeafc8e9e01f868552fc1a757f1f2924fe4d8aaab468b9881130,nearest_visible_satellite_in_each_other_domain,union,both,696.558959961,sampled
IDL-000880,IDL,os04,ns03,observation,navigation,49,103,2025-01-01T00:24:30.000000Z,2025-01-01T00:51:30.000000Z,1620.000000000,54,21921.076171875,21016.962890625,24016.839843750,80.000000000,0959490dcfeedeafc8e9e01f868552fc1a757f1f2924fe4d8aaab468b9881130,nearest_visible_satellite_in_each_other_domain,union,both,701.408813477,sampled
IDL-000881,IDL,os04,ns03,observation,navigation,279,328,2025-01-01T02:19:30.000000Z,2025-01-01T02:44:00.000000Z,1470.000000000,49,22254.939453125,21488.134765625,24241.421875000,80.000000000,0959490dcfeedeafc8e9e01f868552fc1a757f1f2924fe4d8aaab468b9881130,nearest_visible_satellite_in_each_other_domain,union,both,713.643859863,sampled
IDL-000882,IDL,os04,ns03,observation,navigation,513,547,2025-01-01T04:16:30.000000Z,2025-01-01T04:33:30.000000Z,1020.000000000,34,23421.710937500,23223.849609375,23838.041015625,80.000000000,0959490dcfeedeafc8e9e01f868552fc1a757f1f2924fe4d8aaab468b9881130,nearest_visible_satellite_in_each_other_domain,union,both,708.845642090,sampled
IDL-000883,IDL,os04,ns03,observation,navigation,733,780,2025-01-01T06:06:30.000000Z,2025-01-01T06:30:00.000000Z,1410.000000000,47,22384.787109375,21672.960937500,24253.175781250,80.000000000,0959490dcfeedeafc8e9e01f868552fc1a757f1f2924fe4d8aaab468b9881130,nearest_visible_satellite_in_each_other_domain,union,both,700.746704102,sampled
IDL-000884,IDL,os04,ns03,observation,navigation,956,1012,2025-01-01T07:58:00.000000Z,2025-01-01T08:26:00.000000Z,1680.000000000,56,21839.800781250,20872.517578125,23927.531250000,80.000000000,0959490dcfeedeafc8e9e01f868552fc1a757f1f2924fe4d8aaab468b9881130,nearest_visible_satellite_in_each_other_domain,union,both,695.860534668,sampled
IDL-000885,IDL,os04,ns03,observation,navigation,1193,1231,2025-01-01T09:56:30.000000Z,2025-01-01T10:15:30.000000Z,1140.000000000,38,23134.107421875,22719.431640625,24242.835937500,80.000000000,0959490dcfeedeafc8e9e01f868552fc1a757f1f2924fe4d8aaab468b9881130,nearest_visible_satellite_in_each_other_domain,union,both,695.882873535,sampled
IDL-000886,IDL,os04,ns03,observation,navigation,1417,1456,2025-01-01T11:48:30.000000Z,2025-01-01T12:08:00.000000Z,1170.000000000,39,23054.759765625,22582.445312500,24305.267578125,80.000000000,0959490dcfeedeafc8e9e01f868552fc1a757f1f2924fe4d8aaab468b9881130,nearest_visible_satellite_in_each_other_domain,union,both,696.870361328,sampled
IDL-000887,IDL,os04,ns03,observation,navigation,1637,1693,2025-01-01T13:38:30.000000Z,2025-01-01T14:06:30.000000Z,1680.000000000,56,21821.562500000,20860.718750000,23752.201171875,80.000000000,0959490dcfeedeafc8e9e01f868552fc1a757f1f2924fe4d8aaab468b9881130,nearest_visible_satellite_in_each_other_domain,union,both,703.534240723,sampled
IDL-000888,IDL,os04,ns03,observation,navigation,1870,1915,2025-01-01T15:35:00.000000Z,2025-01-01T15:57:30.000000Z,1350.000000000,45,22526.070312500,21857.158203125,24293.226562500,80.000000000,0959490dcfeedeafc8e9e01f868552fc1a757f1f2924fe4d8aaab468b9881130,nearest_visible_satellite_in_each_other_domain,union,both,712.559020996,sampled
IDL-000889,IDL,os04,ns03,observation,navigation,2101,2136,2025-01-01T17:30:30.000000Z,2025-01-01T17:48:00.000000Z,1050.000000000,35,23408.015625000,23186.732421875,23943.611328125,80.000000000,0959490dcfeedeafc8e9e01f868552fc1a757f1f2924fe4d8aaab468b9881130,nearest_visible_satellite_in_each_other_domain,union,both,707.314331055,sampled
IDL-000890,IDL,os04,ns03,observation,navigation,2320,2371,2025-01-01T19:20:00.000000Z,2025-01-01T19:45:30.000000Z,1530.000000000,51,22133.255859375,21319.265625000,24184.751953125,80.000000000,0959490dcfeedeafc8e9e01f868552fc1a757f1f2924fe4d8aaab468b9881130,nearest_visible_satellite_in_each_other_domain,union,both,699.016052246,sampled
IDL-000891,IDL,os04,ns03,observation,navigation,2546,2599,2025-01-01T21:13:00.000000Z,2025-01-01T21:39:30.000000Z,1590.000000000,53,21946.681640625,21074.234375000,24023.294921875,80.000000000,0959490dcfeedeafc8e9e01f868552fc1a757f1f2924fe4d8aaab468b9881130,nearest_visible_satellite_in_each_other_domain,union,both,696.045776367,sampled
IDL-000892,IDL,os04,ns03,observation,navigation,2782,2818,2025-01-01T23:11:00.000000Z,2025-01-01T23:29:00.000000Z,1080.000000000,36,23313.568359375,23024.910156250,24093.113281250,80.000000000,0959490dcfeedeafc8e9e01f868552fc1a757f1f2924fe4d8aaab468b9881130,nearest_visible_satellite_in_each_other_domain,union,both,696.068969727,sampled
IDL-000893,IDL,os04,ns04,observation,navigation,103,142,2025-01-01T00:51:30.000000Z,2025-01-01T01:11:00.000000Z,1170.000000000,39,23118.585937500,22681.130859375,24288.074218750,80.000000000,0959490dcfeedeafc8e9e01f868552fc1a757f1f2924fe4d8aaab468b9881130,nearest_visible_satellite_in_each_other_domain,union,both,711.016723633,sampled
IDL-000894,IDL,os04,ns04,observation,navigation,328,367,2025-01-01T02:44:00.000000Z,2025-01-01T03:03:30.000000Z,1170.000000000,39,23073.548828125,22627.218750000,24263.417968750,80.000000000,0959490dcfeedeafc8e9e01f868552fc1a757f1f2924fe4d8aaab468b9881130,nearest_visible_satellite_in_each_other_domain,union,both,704.788879395,sampled
IDL-000895,IDL,os04,ns04,observation,navigation,547,604,2025-01-01T04:33:30.000000Z,2025-01-01T05:02:00.000000Z,1710.000000000,57,21834.898437500,20837.429687500,23898.757812500,80.000000000,0959490dcfeedeafc8e9e01f868552fc1a757f1f2924fe4d8aaab468b9881130,nearest_visible_satellite_in_each_other_domain,union,both,696.517211914,sampled
IDL-000896,IDL,os04,ns04,observation,navigation,780,826,2025-01-01T06:30:00.000000Z,2025-01-01T06:53:00.000000Z,1380.000000000,46,22459.976562500,21772.259765625,24272.865234375,80.000000000,0959490dcfeedeafc8e9e01f868552fc1a757f1f2924fe4d8aaab468b9881130,nearest_visible_satellite_in_each_other_domain,union,both,695.836791992,sampled
IDL-000897,IDL,os04,ns04,observation,navigation,1012,1046,2025-01-01T08:26:00.000000Z,2025-01-01T08:43:00.000000Z,1020.000000000,34,23409.257812500,23201.443359375,23906.189453125,80.000000000,0959490dcfeedeafc8e9e01f868552fc1a757f1f2924fe4d8aaab468b9881130,nearest_visible_satellite_in_each_other_domain,union,both,695.901489258,sampled
IDL-000898,IDL,os04,ns04,observation,navigation,1231,1281,2025-01-01T10:15:30.000000Z,2025-01-01T10:40:30.000000Z,1500.000000000,50,22187.693359375,21398.150390625,24206.660156250,80.000000000,0959490dcfeedeafc8e9e01f868552fc1a757f1f2924fe4d8aaab468b9881130,nearest_visible_satellite_in_each_other_domain,union,both,699.751403809,sampled
IDL-000899,IDL,os04,ns04,observation,navigation,1456,1510,2025-01-01T12:08:00.000000Z,2025-01-01T12:35:00.000000Z,1620.000000000,54,21971.912109375,21076.601562500,24059.753906250,80.000000000,0959490dcfeedeafc8e9e01f868552fc1a757f1f2924fe4d8aaab468b9881130,nearest_visible_satellite_in_each_other_domain,union,both,710.409179688,sampled
IDL-000900,IDL,os04,ns04,observation,navigation,1693,1729,2025-01-01T14:06:30.000000Z,2025-01-01T14:24:30.000000Z,1080.000000000,36,23303.890625000,22995.546875000,24142.308593750,80.000000000,0959490dcfeedeafc8e9e01f868552fc1a757f1f2924fe4d8aaab468b9881130,nearest_visible_satellite_in_each_other_domain,union,both,709.893249512,sampled
IDL-000901,IDL,os04,ns04,observation,navigation,1915,1957,2025-01-01T15:57:30.000000Z,2025-01-01T16:18:30.000000Z,1260.000000000,42,22809.572265625,22235.468750000,24324.193359375,80.000000000,0959490dcfeedeafc8e9e01f868552fc1a757f1f2924fe4d8aaab468b9881130,nearest_visible_satellite_in_each_other_domain,union,both,703.093872070,sampled
IDL-000902,IDL,os04,ns04,observation,navigation,2136,2192,2025-01-01T17:48:00.000000Z,2025-01-01T18:16:00.000000Z,1680.000000000,56,21738.568359375,20772.218750000,23481.628906250,80.000000000,0959490dcfeedeafc8e9e01f868552fc1a757f1f2924fe4d8aaab468b9881130,nearest_visible_satellite_in_each_other_domain,union,both,696.188598633,sampled
IDL-000903,IDL,os04,ns04,observation,navigation,2371,2413,2025-01-01T19:45:30.000000Z,2025-01-01T20:06:30.000000Z,1260.000000000,42,22755.089843750,22174.837890625,24287.863281250,80.000000000,0959490dcfeedeafc8e9e01f868552fc1a757f1f2924fe4d8aaab468b9881130,nearest_visible_satellite_in_each_other_domain,union,both,696.022949219,sampled
IDL-000904,IDL,os04,ns04,observation,navigation,2599,2635,2025-01-01T21:39:30.000000Z,2025-01-01T21:57:30.000000Z,1080.000000000,36,23328.859375000,23029.433593750,24141.660156250,80.000000000,0959490dcfeedeafc8e9e01f868552fc1a757f1f2924fe4d8aaab468b9881130,nearest_visible_satellite_in_each_other_domain,union,both,696.353210449,sampled
IDL-000905,IDL,os04,ns04,observation,navigation,2818,2872,2025-01-01T23:29:00.000000Z,2025-01-01T23:56:00.000000Z,1620.000000000,54,22005.863281250,21109.982421875,24118.843750000,80.000000000,0959490dcfeedeafc8e9e01f868552fc1a757f1f2924fe4d8aaab468b9881130,nearest_visible_satellite_in_each_other_domain,union,both,701.306762695,sampled
IDL-000906,IDL,os04,ns05,observation,navigation,142,192,2025-01-01T01:11:00.000000Z,2025-01-01T01:36:00.000000Z,1500.000000000,50,22196.369140625,21418.123046875,24179.132812500,80.000000000,0959490dcfeedeafc8e9e01f868552fc1a757f1f2924fe4d8aaab468b9881130,nearest_visible_satellite_in_each_other_domain,union,both,699.457824707,sampled
IDL-000907,IDL,os04,ns05,observation,navigation,367,421,2025-01-01T03:03:30.000000Z,2025-01-01T03:30:30.000000Z,1620.000000000,54,21910.208984375,21004.380859375,24025.042968750,80.000000000,0959490dcfeedeafc8e9e01f868552fc1a757f1f2924fe4d8aaab468b9881130,nearest_visible_satellite_in_each_other_domain,union,both,695.789733887,sampled
IDL-000908,IDL,os04,ns05,observation,navigation,604,640,2025-01-01T05:02:00.000000Z,2025-01-01T05:20:00.000000Z,1080.000000000,36,23272.574218750,22944.511718750,24161.582031250,80.000000000,0959490dcfeedeafc8e9e01f868552fc1a757f1f2924fe4d8aaab468b9881130,nearest_visible_satellite_in_each_other_domain,union,both,695.813049316,sampled
IDL-000909,IDL,os04,ns05,observation,navigation,826,867,2025-01-01T06:53:00.000000Z,2025-01-01T07:13:30.000000Z,1230.000000000,41,22865.169921875,22310.373046875,24327.734375000,80.000000000,0959490dcfeedeafc8e9e01f868552fc1a757f1f2924fe4d8aaab468b9881130,nearest_visible_satellite_in_each_other_domain,union,both,697.271728516,sampled
IDL-000910,IDL,os04,ns05,observation,navigation,1046,1103,2025-01-01T08:43:00.000000Z,2025-01-01T09:11:30.000000Z,1710.000000000,57,21811.566406250,20816.337890625,23672.714843750,80.000000000,0959490dcfeedeafc8e9e01f868552fc1a757f1f2924fe4d8aaab468b9881130,nearest_visible_satellite_in_each_other_domain,union,both,704.533996582,sampled
IDL-000911,IDL,os04,ns05,observation,navigation,1281,1324,2025-01-01T10:40:30.000000Z,2025-01-01T11:02:00.000000Z,1290.000000000,43,22737.169921875,22136.761718750,24325.851562500,80.000000000,0959490dcfeedeafc8e9e01f868552fc1a757f1f2924fe4d8aaab468b9881130,nearest_visible_satellite_in_each_other_domain,union,both,712.051940918,sampled
IDL-000912,IDL,os04,ns05,observation,navigation,1510,1546,2025-01-01T12:35:00.000000Z,2025-01-01T12:53:00.000000Z,1080.000000000,36,23340.320312500,23061.537109375,24090.564453125,80.000000000,0959490dcfeedeafc8e9e01f868552fc1a757f1f2924fe4d8aaab468b9881130,nearest_visible_satellite_in_each_other_domain,union,both,706.564331055,sampled
IDL-000913,IDL,os04,ns05,observation,navigation,1729,1782,2025-01-01T14:24:30.000000Z,2025-01-01T14:51:00.000000Z,1590.000000000,53,21985.861328125,21112.800781250,24091.408203125,80.000000000,0959490dcfeedeafc8e9e01f868552fc1a757f1f2924fe4d8aaab468b9881130,nearest_visible_satellite_in_each_other_domain,union,both,698.072937012,sampled
IDL-000914,IDL,os04,ns05,observation,navigation,1957,2008,2025-01-01T16:18:30.000000Z,2025-01-01T16:44:00.000000Z,1530.000000000,51,22085.708984375,21272.453125000,24120.527343750,80.000000000,0959490dcfeedeafc8e9e01f868552fc1a757f1f2924fe4d8aaab468b9881130,nearest_visible_satellite_in_each_other_domain,union,both,695.975952148,sampled
IDL-000915,IDL,os04,ns05,observation,navigation,2192,2227,2025-01-01T18:16:00.000000Z,2025-01-01T18:33:30.000000Z,1050.000000000,35,23392.041015625,23164.322265625,23956.916015625,80.000000000,0959490dcfeedeafc8e9e01f868552fc1a757f1f2924fe4d8aaab468b9881130,nearest_visible_satellite_in_each_other_domain,union,both,696.000122070,sampled
IDL-000916,IDL,os04,ns05,observation,navigation,2413,2458,2025-01-01T20:06:30.000000Z,2025-01-01T20:29:00.000000Z,1350.000000000,45,22577.427734375,21911.718750000,24336.623046875,80.000000000,0959490dcfeedeafc8e9e01f868552fc1a757f1f2924fe4d8aaab468b9881130,nearest_visible_satellite_in_each_other_domain,union,both,698.402526855,sampled
IDL-000917,IDL,os04,ns05,observation,navigation,2635,2691,2025-01-01T21:57:30.000000Z,2025-01-01T22:25:30.000000Z,1680.000000000,56,21808.197265625,20847.710937500,23696.218750000,80.000000000,0959490dcfeedeafc8e9e01f868552fc1a757f1f2924fe4d8aaab468b9881130,nearest_visible_satellite_in_each_other_domain,union,both,707.181579590,sampled
IDL-000918,IDL,os04,ns05,observation,navigation,2872,2881,2025-01-01T23:56:00.000000Z,2025-01-02T00:00:00.000000Z,240.000000000,9,22663.261718750,22548.693359375,22826.683593750,80.000000000,0959490dcfeedeafc8e9e01f868552fc1a757f1f2924fe4d8aaab468b9881130,nearest_visible_satellite_in_each_other_domain,union,os04,716.496093750,sampled
IDL-000919,IDL,os05,ns01,observation,navigation,0,9,2025-01-01T00:00:00.000000Z,2025-01-01T00:04:30.000000Z,270.000000000,9,22768.933593750,22167.896484375,23412.882812500,80.000000000,0959490dcfeedeafc8e9e01f868552fc1a757f1f2924fe4d8aaab468b9881130,nearest_visible_satellite_in_each_other_domain,union,os05,696.131042480,sampled
IDL-000920,IDL,os05,ns01,observation,navigation,137,230,2025-01-01T01:08:30.000000Z,2025-01-01T01:55:00.000000Z,2790.000000000,93,24452.250000000,22004.757812500,30182.505859375,80.000000000,0959490dcfeedeafc8e9e01f868552fc1a757f1f2924fe4d8aaab468b9881130,nearest_visible_satellite_in_each_other_domain,union,both,9.977070808,sampled
IDL-000921,IDL,os05,ns01,observation,navigation,366,451,2025-01-01T03:03:00.000000Z,2025-01-01T03:45:30.000000Z,2550.000000000,85,25495.835937500,23119.162109375,30101.025390625,80.000000000,0959490dcfeedeafc8e9e01f868552fc1a757f1f2924fe4d8aaab468b9881130,nearest_visible_satellite_in_each_other_domain,union,both,45.417594910,sampled
IDL-000922,IDL,os05,ns01,observation,navigation,601,687,2025-01-01T05:00:30.000000Z,2025-01-01T05:43:30.000000Z,2580.000000000,86,24123.025390625,21220.597656250,30160.552734375,80.000000000,0959490dcfeedeafc8e9e01f868552fc1a757f1f2924fe4d8aaab468b9881130,nearest_visible_satellite_in_each_other_domain,union,both,24.171661377,sampled
IDL-000923,IDL,os05,ns01,observation,navigation,822,914,2025-01-01T06:51:00.000000Z,2025-01-01T07:37:00.000000Z,2760.000000000,92,23911.011718750,21227.369140625,30054.734375000,80.000000000,0959490dcfeedeafc8e9e01f868552fc1a757f1f2924fe4d8aaab468b9881130,nearest_visible_satellite_in_each_other_domain,union,both,73.948165894,sampled
IDL-000924,IDL,os05,ns01,observation,navigation,1043,1133,2025-01-01T08:41:30.000000Z,2025-01-01T09:26:30.000000Z,2700.000000000,90,25290.814453125,23125.582031250,30178.000000000,80.000000000,0959490dcfeedeafc8e9e01f868552fc1a757f1f2924fe4d8aaab468b9881130,nearest_visible_satellite_in_each_other_domain,union,both,25.743995667,sampled
IDL-000925,IDL,os05,ns01,observation,navigation,1280,1363,2025-01-01T10:40:00.000000Z,2025-01-01T11:21:30.000000Z,2490.000000000,83,24850.679687500,21999.298828125,30177.847656250,80.000000000,0959490dcfeedeafc8e9e01f868552fc1a757f1f2924fe4d8aaab468b9881130,nearest_visible_satellite_in_each_other_domain,union,both,26.097181320,sampled
IDL-000926,IDL,os05,ns01,observation,navigation,1506,1597,2025-01-01T12:33:00.000000Z,2025-01-01T13:18:30.000000Z,2730.000000000,91,23677.906250000,20787.201171875,30089.597656250,80.000000000,0959490dcfeedeafc8e9e01f868552fc1a757f1f2924fe4d8aaab468b9881130,nearest_visible_satellite_in_each_other_domain,union,both,53.029117584,sampled
IDL-000927,IDL,os05,ns01,observation,navigation,1725,1817,2025-01-01T14:22:30.000000Z,2025-01-01T15:08:30.000000Z,2760.000000000,92,24694.507812500,22408.519531250,30104.548828125,80.000000000,0959490dcfeedeafc8e9e01f868552fc1a757f1f2924fe4d8aaab468b9881130,nearest_visible_satellite_in_each_other_domain,union,both,42.770317078,sampled
IDL-000928,IDL,os05,ns01,observation,navigation,1957,2040,2025-01-01T16:18:30.000000Z,2025-01-01T17:00:00.000000Z,2490.000000000,83,25415.189453125,22867.099609375,30099.824218750,80.000000000,0959490dcfeedeafc8e9e01f868552fc1a757f1f2924fe4d8aaab468b9881130,nearest_visible_satellite_in_each_other_domain,union,both,46.305065155,sampled
IDL-000929,IDL,os05,ns01,observation,navigation,2189,2277,2025-01-01T18:14:30.000000Z,2025-01-01T18:58:30.000000Z,2640.000000000,88,23914.085937500,20983.218750000,30187.593750000,80.000000000,0959490dcfeedeafc8e9e01f868552fc1a757f1f2924fe4d8aaab468b9881130,nearest_visible_satellite_in_each_other_domain,union,both,14.158534050,sampled
IDL-000930,IDL,os05,ns01,observation,navigation,2409,2501,2025-01-01T20:04:30.000000Z,2025-01-01T20:50:30.000000Z,2760.000000000,92,24110.939453125,21548.218750000,30059.455078125,80.000000000,0959490dcfeedeafc8e9e01f868552fc1a757f1f2924fe4d8aaab468b9881130,nearest_visible_satellite_in_each_other_domain,union,both,72.994041443,sampled
IDL-000931,IDL,os05,ns01,observation,navigation,2632,2721,2025-01-01T21:56:00.000000Z,2025-01-01T22:40:30.000000Z,2670.000000000,89,25475.140625000,23230.072265625,30230.816406250,80.000000000,0959490dcfeedeafc8e9e01f868552fc1a757f1f2924fe4d8aaab468b9881130,nearest_visible_satellite_in_each_other_domain,union,both,3.779158354,sampled
IDL-000932,IDL,os05,ns01,observation,navigation,2870,2881,2025-01-01T23:55:00.000000Z,2025-01-02T00:00:00.000000Z,300.000000000,11,29375.843750000,28590.521484375,30135.027343750,80.000000000,0959490dcfeedeafc8e9e01f868552fc1a757f1f2924fe4d8aaab468b9881130,nearest_visible_satellite_in_each_other_domain,union,ns01,42.248165131,sampled
IDL-000933,IDL,os05,ns02,observation,navigation,0,44,2025-01-01T00:00:00.000000Z,2025-01-01T00:22:00.000000Z,1320.000000000,44,23432.117187500,23088.953125000,24060.277343750,80.000000000,0959490dcfeedeafc8e9e01f868552fc1a757f1f2924fe4d8aaab468b9881130,nearest_visible_satellite_in_each_other_domain,union,both,695.743225098,sampled
IDL-000934,IDL,os05,ns02,observation,navigation,191,273,2025-01-01T01:35:30.000000Z,2025-01-01T02:16:30.000000Z,2460.000000000,82,24900.652343750,22078.330078125,30147.457031250,80.000000000,0959490dcfeedeafc8e9e01f868552fc1a757f1f2924fe4d8aaab468b9881130,nearest_visible_satellite_in_each_other_domain,union,both,27.327302933,sampled
IDL-000935,IDL,os05,ns02,observation,navigation,417,508,2025-01-01T03:28:30.000000Z,2025-01-01T04:14:00.000000Z,2730.000000000,91,23701.386718750,20821.013671875,30102.968750000,80.000000000,0959490dcfeedeafc8e9e01f868552fc1a757f1f2924fe4d8aaab468b9881130,nearest_visible_satellite_in_each_other_domain,union,both,51.852767944,sampled
IDL-000936,IDL,os05,ns02,observation,navigation,636,728,2025-01-01T05:18:00.000000Z,2025-01-01T06:04:00.000000Z,2760.000000000,92,24651.785156250,22368.583984375,30079.177734375,80.000000000,0959490dcfeedeafc8e9e01f868552fc1a757f1f2924fe4d8aaab468b9881130,nearest_visible_satellite_in_each_other_domain,union,both,65.792655945,sampled
IDL-000937,IDL,os05,ns02,observation,navigation,866,951,2025-01-01T07:13:00.000000Z,2025-01-01T07:55:30.000000Z,2550.000000000,85,25477.615234375,22906.824218750,30221.033203125,80.000000000,0959490dcfeedeafc8e9e01f868552fc1a757f1f2924fe4d8aaab468b9881130,nearest_visible_satellite_in_each_other_domain,union,both,9.207250595,sampled
IDL-000938,IDL,os05,ns02,observation,navigation,1100,1188,2025-01-01T09:10:00.000000Z,2025-01-01T09:54:00.000000Z,2640.000000000,88,23885.937500000,20975.388671875,30106.699218750,80.000000000,0959490dcfeedeafc8e9e01f868552fc1a757f1f2924fe4d8aaab468b9881130,nearest_visible_satellite_in_each_other_domain,union,both,50.187423706,sampled
IDL-000939,IDL,os05,ns02,observation,navigation,1319,1412,2025-01-01T10:59:30.000000Z,2025-01-01T11:46:00.000000Z,2790.000000000,93,24115.201171875,21464.558593750,30200.421875000,80.000000000,0959490dcfeedeafc8e9e01f868552fc1a757f1f2924fe4d8aaab468b9881130,nearest_visible_satellite_in_each_other_domain,union,both,2.647349119,sampled
IDL-000940,IDL,os05,ns02,observation,navigation,1543,1632,2025-01-01T12:51:30.000000Z,2025-01-01T13:36:00.000000Z,2670.000000000,89,25434.537109375,23220.720703125,30185.390625000,80.000000000,0959490dcfeedeafc8e9e01f868552fc1a757f1f2924fe4d8aaab468b9881130,nearest_visible_satellite_in_each_other_domain,union,both,9.174126625,sampled
IDL-000941,IDL,os05,ns02,observation,navigation,1781,1864,2025-01-01T14:50:30.000000Z,2025-01-01T15:32:00.000000Z,2490.000000000,83,24539.207031250,21688.859375000,30115.476562500,80.000000000,0959490dcfeedeafc8e9e01f868552fc1a757f1f2924fe4d8aaab468b9881130,nearest_visible_satellite_in_each_other_domain,union,both,41.762573242,sampled
IDL-000942,IDL,os05,ns02,observation,navigation,2004,2096,2025-01-01T16:42:00.000000Z,2025-01-01T17:28:00.000000Z,2760.000000000,92,23754.984375000,20916.814453125,30122.849609375,80.000000000,0959490dcfeedeafc8e9e01f868552fc1a757f1f2924fe4d8aaab468b9881130,nearest_visible_satellite_in_each_other_domain,union,both,44.888809204,sampled
IDL-000943,IDL,os05,ns02,observation,navigation,2223,2315,2025-01-01T18:31:30.000000Z,2025-01-01T19:17:30.000000Z,2760.000000000,92,24969.140625000,22742.003906250,30211.373046875,80.000000000,0959490dcfeedeafc8e9e01f868552fc1a757f1f2924fe4d8aaab468b9881130,nearest_visible_satellite_in_each_other_domain,union,both,10.733355522,sampled
IDL-000944,IDL,os05,ns02,observation,navigation,2457,2540,2025-01-01T20:28:30.000000Z,2025-01-01T21:10:00.000000Z,2490.000000000,83,25312.431640625,22562.714843750,30224.539062500,80.000000000,0959490dcfeedeafc8e9e01f868552fc1a757f1f2924fe4d8aaab468b9881130,nearest_visible_satellite_in_each_other_domain,union,both,7.403333664,sampled
IDL-000945,IDL,os05,ns02,observation,navigation,2688,2777,2025-01-01T22:24:00.000000Z,2025-01-01T23:08:30.000000Z,2670.000000000,89,23725.904296875,20818.283203125,30065.867187500,80.000000000,0959490dcfeedeafc8e9e01f868552fc1a757f1f2924fe4d8aaab468b9881130,nearest_visible_satellite_in_each_other_domain,union,both,64.946311951,sampled
IDL-000946,IDL,os05,ns03,observation,navigation,11,98,2025-01-01T00:05:30.000000Z,2025-01-01T00:49:00.000000Z,2610.000000000,87,23936.367187500,21043.525390625,30108.630859375,80.000000000,0959490dcfeedeafc8e9e01f868552fc1a757f1f2924fe4d8aaab468b9881130,nearest_visible_satellite_in_each_other_domain,union,both,46.656948090,sampled
IDL-000947,IDL,os05,ns03,observation,navigation,230,323,2025-01-01T01:55:00.000000Z,2025-01-01T02:41:30.000000Z,2790.000000000,93,24100.738281250,21446.574218750,30204.388671875,80.000000000,0959490dcfeedeafc8e9e01f868552fc1a757f1f2924fe4d8aaab468b9881130,nearest_visible_satellite_in_each_other_domain,union,both,11.730858803,sampled
IDL-000948,IDL,os05,ns03,observation,navigation,453,543,2025-01-01T03:46:30.000000Z,2025-01-01T04:31:30.000000Z,2700.000000000,90,25428.060546875,23216.011718750,30234.548828125,80.000000000,0959490dcfeedeafc8e9e01f868552fc1a757f1f2924fe4d8aaab468b9881130,nearest_visible_satellite_in_each_other_domain,union,both,1.750780463,sampled
IDL-000949,IDL,os05,ns03,observation,navigation,691,775,2025-01-01T05:45:30.000000Z,2025-01-01T06:27:30.000000Z,2520.000000000,84,24581.968750000,21720.119140625,30149.093750000,80.000000000,0959490dcfeedeafc8e9e01f868552fc1a757f1f2924fe4d8aaab468b9881130,nearest_visible_satellite_in_each_other_domain,union,both,37.238124847,sampled
IDL-000950,IDL,os05,ns03,observation,navigation,915,1007,2025-01-01T07:37:30.000000Z,2025-01-01T08:23:30.000000Z,2760.000000000,92,23704.810546875,20854.957031250,30072.435546875,80.000000000,0959490dcfeedeafc8e9e01f868552fc1a757f1f2924fe4d8aaab468b9881130,nearest_visible_satellite_in_each_other_domain,union,both,59.333400726,sampled
IDL-000951,IDL,os05,ns03,observation,navigation,1134,1226,2025-01-01T09:27:00.000000Z,2025-01-01T10:13:00.000000Z,2760.000000000,92,24910.736328125,22676.013671875,30173.703125000,80.000000000,0959490dcfeedeafc8e9e01f868552fc1a757f1f2924fe4d8aaab468b9881130,nearest_visible_satellite_in_each_other_domain,union,both,13.526791573,sampled
IDL-000952,IDL,os05,ns03,observation,navigation,1368,1451,2025-01-01T11:24:00.000000Z,2025-01-01T12:05:30.000000Z,2490.000000000,83,25313.732421875,22627.490234375,30181.312500000,80.000000000,0959490dcfeedeafc8e9e01f868552fc1a757f1f2924fe4d8aaab468b9881130,nearest_visible_satellite_in_each_other_domain,union,both,12.241400719,sampled
IDL-000953,IDL,os05,ns03,observation,navigation,1599,1688,2025-01-01T13:19:30.000000Z,2025-01-01T14:04:00.000000Z,2670.000000000,89,23761.250000000,20874.316406250,30074.089843750,80.000000000,0959490dcfeedeafc8e9e01f868552fc1a757f1f2924fe4d8aaab468b9881130,nearest_visible_satellite_in_each_other_domain,union,both,62.384532928,sampled
IDL-000954,IDL,os05,ns03,observation,navigation,1817,1910,2025-01-01T15:08:30.000000Z,2025-01-01T15:55:00.000000Z,2790.000000000,93,24335.265625000,21809.591796875,30219.486328125,80.000000000,0959490dcfeedeafc8e9e01f868552fc1a757f1f2924fe4d8aaab468b9881130,nearest_visible_satellite_in_each_other_domain,union,both,6.072163582,sampled
IDL-000955,IDL,os05,ns03,observation,navigation,2043,2131,2025-01-01T17:01:30.000000Z,2025-01-01T17:45:30.000000Z,2640.000000000,88,25528.767578125,23200.173828125,30229.062500000,80.000000000,0959490dcfeedeafc8e9e01f868552fc1a757f1f2924fe4d8aaab468b9881130,nearest_visible_satellite_in_each_other_domain,union,both,5.011460781,sampled
IDL-000956,IDL,os05,ns03,observation,navigation,2280,2366,2025-01-01T19:00:00.000000Z,2025-01-01T19:43:00.000000Z,2580.000000000,86,24263.248046875,21359.060546875,30174.523437500,80.000000000,0959490dcfeedeafc8e9e01f868552fc1a757f1f2924fe4d8aaab468b9881130,nearest_visible_satellite_in_each_other_domain,union,both,24.104091644,sampled
IDL-000957,IDL,os05,ns03,observation,navigation,2502,2594,2025-01-01T20:51:00.000000Z,2025-01-01T21:37:00.000000Z,2760.000000000,92,23813.882812500,21044.009765625,30079.193359375,80.000000000,0959490dcfeedeafc8e9e01f868552fc1a757f1f2924fe4d8aaab468b9881130,nearest_visible_satellite_in_each_other_domain,union,both,55.072742462,sampled
IDL-000958,IDL,os05,ns03,observation,navigation,2723,2813,2025-01-01T22:41:30.000000Z,2025-01-01T23:26:30.000000Z,2700.000000000,90,25130.675781250,22993.197265625,30080.046875000,80.000000000,0959490dcfeedeafc8e9e01f868552fc1a757f1f2924fe4d8aaab468b9881130,nearest_visible_satellite_in_each_other_domain,union,both,53.126644135,sampled
IDL-000959,IDL,os05,ns04,observation,navigation,45,137,2025-01-01T00:22:30.000000Z,2025-01-01T01:08:30.000000Z,2760.000000000,92,24861.832031250,22636.750000000,30138.064453125,80.000000000,0959490dcfeedeafc8e9e01f868552fc1a757f1f2924fe4d8aaab468b9881130,nearest_visible_satellite_in_each_other_domain,union,both,41.540012360,sampled
IDL-000960,IDL,os05,ns04,observation,navigation,278,361,2025-01-01T02:19:00.000000Z,2025-01-01T03:00:30.000000Z,2490.000000000,83,25356.521484375,22672.294921875,30180.789062500,80.000000000,0959490dcfeedeafc8e9e01f868552fc1a757f1f2924fe4d8aaab468b9881130,nearest_visible_satellite_in_each_other_domain,union,both,26.599187851,sampled
IDL-000961,IDL,os05,ns04,observation,navigation,509,599,2025-01-01T04:14:30.000000Z,2025-01-01T04:59:30.000000Z,2700.000000000,90,23800.644531250,20853.347656250,30175.316406250,80.000000000,0959490dcfeedeafc8e9e01f868552fc1a757f1f2924fe4d8aaab468b9881130,nearest_visible_satellite_in_each_other_domain,union,both,19.833353043,sampled
IDL-000962,IDL,os05,ns04,observation,navigation,728,821,2025-01-01T06:04:00.000000Z,2025-01-01T06:50:30.000000Z,2790.000000000,93,24272.408203125,21724.570312500,30182.703125000,80.000000000,0959490dcfeedeafc8e9e01f868552fc1a757f1f2924fe4d8aaab468b9881130,nearest_visible_satellite_in_each_other_domain,union,both,10.043219566,sampled
IDL-000963,IDL,os05,ns04,observation,navigation,954,1041,2025-01-01T07:57:00.000000Z,2025-01-01T08:40:30.000000Z,2610.000000000,87,25516.787109375,23211.646484375,30181.421875000,80.000000000,0959490dcfeedeafc8e9e01f868552fc1a757f1f2924fe4d8aaab468b9881130,nearest_visible_satellite_in_each_other_domain,union,both,11.179987907,sampled
IDL-000964,IDL,os05,ns04,observation,navigation,1191,1276,2025-01-01T09:55:30.000000Z,2025-01-01T10:38:00.000000Z,2550.000000000,85,24320.300781250,21438.353515625,30162.720703125,80.000000000,0959490dcfeedeafc8e9e01f868552fc1a757f1f2924fe4d8aaab468b9881130,nearest_visible_satellite_in_each_other_domain,union,both,22.556030273,sampled
IDL-000965,IDL,os05,ns04,observation,navigation,1413,1505,2025-01-01T11:46:30.000000Z,2025-01-01T12:32:30.000000Z,2760.000000000,92,23817.332031250,21048.326171875,30090.281250000,80.000000000,0959490dcfeedeafc8e9e01f868552fc1a757f1f2924fe4d8aaab468b9881130,nearest_visible_satellite_in_each_other_domain,union,both,58.914546967,sampled
IDL-000966,IDL,os05,ns04,observation,navigation,1633,1724,2025-01-01T13:36:30.000000Z,2025-01-01T14:22:00.000000Z,2730.000000000,91,25129.939453125,22962.212890625,30169.929687500,80.000000000,0959490dcfeedeafc8e9e01f868552fc1a757f1f2924fe4d8aaab468b9881130,nearest_visible_satellite_in_each_other_domain,union,both,28.810443878,sampled
IDL-000967,IDL,os05,ns04,observation,navigation,1869,1952,2025-01-01T15:34:30.000000Z,2025-01-01T16:16:00.000000Z,2490.000000000,83,25059.312500000,22285.121093750,30157.601562500,80.000000000,0959490dcfeedeafc8e9e01f868552fc1a757f1f2924fe4d8aaab468b9881130,nearest_visible_satellite_in_each_other_domain,union,both,35.647857666,sampled
IDL-000968,IDL,os05,ns04,observation,navigation,2097,2187,2025-01-01T17:28:30.000000Z,2025-01-01T18:13:30.000000Z,2700.000000000,90,23685.710937500,20773.822265625,30089.355468750,80.000000000,0959490dcfeedeafc8e9e01f868552fc1a757f1f2924fe4d8aaab468b9881130,nearest_visible_satellite_in_each_other_domain,union,both,54.099258423,sampled
IDL-000969,IDL,os05,ns04,observation,navigation,2316,2408,2025-01-01T19:18:00.000000Z,2025-01-01T20:04:00.000000Z,2760.000000000,92,24488.720703125,22124.923828125,30065.253906250,80.000000000,0959490dcfeedeafc8e9e01f868552fc1a757f1f2924fe4d8aaab468b9881130,nearest_visible_satellite_in_each_other_domain,union,both,59.144035339,sampled
IDL-000970,IDL,os05,ns04,observation,navigation,2545,2630,2025-01-01T21:12:30.000000Z,2025-01-01T21:55:00.000000Z,2550.000000000,85,25496.941406250,23058.523437500,30140.925781250,80.000000000,0959490dcfeedeafc8e9e01f868552fc1a757f1f2924fe4d8aaab468b9881130,nearest_visible_satellite_in_each_other_domain,union,both,28.815183640,sampled
IDL-000971,IDL,os05,ns04,observation,navigation,2780,2866,2025-01-01T23:10:00.000000Z,2025-01-01T23:53:00.000000Z,2580.000000000,86,24021.406250000,21140.501953125,30092.755859375,80.000000000,0959490dcfeedeafc8e9e01f868552fc1a757f1f2924fe4d8aaab468b9881130,nearest_visible_satellite_in_each_other_domain,union,both,53.220401764,sampled
IDL-000972,IDL,os05,ns05,observation,navigation,101,186,2025-01-01T00:50:30.000000Z,2025-01-01T01:33:00.000000Z,2550.000000000,85,24387.146484375,21460.556640625,30210.818359375,80.000000000,0959490dcfeedeafc8e9e01f868552fc1a757f1f2924fe4d8aaab468b9881130,nearest_visible_satellite_in_each_other_domain,union,both,9.484750748,sampled
IDL-000973,IDL,os05,ns05,observation,navigation,324,416,2025-01-01T02:42:00.000000Z,2025-01-01T03:28:00.000000Z,2760.000000000,92,23762.638671875,20977.457031250,30044.365234375,80.000000000,0959490dcfeedeafc8e9e01f868552fc1a757f1f2924fe4d8aaab468b9881130,nearest_visible_satellite_in_each_other_domain,union,both,70.223670959,sampled
IDL-000974,IDL,os05,ns05,observation,navigation,544,635,2025-01-01T04:32:00.000000Z,2025-01-01T05:17:30.000000Z,2730.000000000,91,25075.205078125,22908.941406250,30129.779296875,80.000000000,0959490dcfeedeafc8e9e01f868552fc1a757f1f2924fe4d8aaab468b9881130,nearest_visible_satellite_in_each_other_domain,union,both,32.404846191,sampled
IDL-000975,IDL,os05,ns05,observation,navigation,780,862,2025-01-01T06:30:00.000000Z,2025-01-01T07:11:00.000000Z,2460.000000000,82,25100.408203125,22359.068359375,30120.029296875,80.000000000,0959490dcfeedeafc8e9e01f868552fc1a757f1f2924fe4d8aaab468b9881130,nearest_visible_satellite_in_each_other_domain,union,both,38.453746796,sampled
IDL-000976,IDL,os05,ns05,observation,navigation,1008,1098,2025-01-01T08:24:00.000000Z,2025-01-01T09:09:00.000000Z,2700.000000000,90,23715.755859375,20819.720703125,30100.865234375,80.000000000,0959490dcfeedeafc8e9e01f868552fc1a757f1f2924fe4d8aaab468b9881130,nearest_visible_satellite_in_each_other_domain,union,both,52.057826996,sampled
IDL-000977,IDL,os05,ns05,observation,navigation,1226,1319,2025-01-01T10:13:00.000000Z,2025-01-01T10:59:30.000000Z,2790.000000000,93,24515.177734375,22087.652343750,30218.748046875,80.000000000,0959490dcfeedeafc8e9e01f868552fc1a757f1f2924fe4d8aaab468b9881130,nearest_visible_satellite_in_each_other_domain,union,both,6.633686066,sampled
IDL-000978,IDL,os05,ns05,observation,navigation,1455,1541,2025-01-01T12:07:30.000000Z,2025-01-01T12:50:30.000000Z,2580.000000000,86,25495.875000000,23088.304687500,30150.267578125,80.000000000,0959490dcfeedeafc8e9e01f868552fc1a757f1f2924fe4d8aaab468b9881130,nearest_visible_satellite_in_each_other_domain,union,both,39.384185791,sampled
IDL-000979,IDL,os05,ns05,observation,navigation,1690,1777,2025-01-01T14:05:00.000000Z,2025-01-01T14:48:30.000000Z,2610.000000000,87,24067.785156250,21145.494140625,30165.066406250,80.000000000,0959490dcfeedeafc8e9e01f868552fc1a757f1f2924fe4d8aaab468b9881130,nearest_visible_satellite_in_each_other_domain,union,both,26.794708252,sampled
IDL-000980,IDL,os05,ns05,observation,navigation,1911,2003,2025-01-01T15:55:30.000000Z,2025-01-01T16:41:30.000000Z,2760.000000000,92,23916.617187500,21234.666015625,30047.230468750,80.000000000,0959490dcfeedeafc8e9e01f868552fc1a757f1f2924fe4d8aaab468b9881130,nearest_visible_satellite_in_each_other_domain,union,both,67.798423767,sampled
IDL-000981,IDL,os05,ns05,observation,navigation,2133,2223,2025-01-01T17:46:30.000000Z,2025-01-01T18:31:30.000000Z,2700.000000000,90,25282.083984375,23145.195312500,30108.937500000,80.000000000,0959490dcfeedeafc8e9e01f868552fc1a757f1f2924fe4d8aaab468b9881130,nearest_visible_satellite_in_each_other_domain,union,both,41.326293945,sampled
IDL-000982,IDL,os05,ns05,observation,navigation,2370,2453,2025-01-01T19:45:00.000000Z,2025-01-01T20:26:30.000000Z,2490.000000000,83,24787.531250000,21960.148437500,30159.169921875,80.000000000,0959490dcfeedeafc8e9e01f868552fc1a757f1f2924fe4d8aaab468b9881130,nearest_visible_satellite_in_each_other_domain,union,both,22.855623245,sampled
IDL-000983,IDL,os05,ns05,observation,navigation,2595,2686,2025-01-01T21:37:30.000000Z,2025-01-01T22:23:00.000000Z,2730.000000000,91,23723.150390625,20838.339843750,30145.451171875,80.000000000,0959490dcfeedeafc8e9e01f868552fc1a757f1f2924fe4d8aaab468b9881130,nearest_visible_satellite_in_each_other_domain,union,both,34.845046997,sampled
IDL-000984,IDL,os05,ns05,observation,navigation,2814,2881,2025-01-01T23:27:00.000000Z,2025-01-02T00:00:00.000000Z,1980.000000000,67,25334.003906250,22484.660156250,30141.193359375,80.000000000,0959490dcfeedeafc8e9e01f868552fc1a757f1f2924fe4d8aaab468b9881130,nearest_visible_satellite_in_each_other_domain,union,both,40.415340424,sampled
